text,author,date,article_title,article_url,category,scraped_at,label
عندما يصبح الطب تجارة و ربح يموت الضمير المهني و تموت معه الانسانية ….. الطب من أشرف المهن التي تجعل صاحبها محبوب و محترم لكن بالإنسانية و المساعدة و ليس بالجشع و حب المال على حساب المرضى,متتبع,الخميس 7 ماي 2026 - 17:06,"مرسوم يستحضر ""عدد العمليات"" في أجرة الأطباء يدخل مشاورات حكومية",https://www.hespress.com/%d9%85%d8%b1%d8%b3%d9%88%d9%85-%d9%8a%d8%b3%d8%aa%d8%ad%d8%b6%d8%b1-%d8%b9%d8%af%d8%af-%d8%a7%d9%84%d8%b9%d9%85%d9%84%d9%8a%d8%a7%d8%aa-%d9%81%d9%8a-%d8%a3%d8%ac%d8%b1%d8%a9-%d8%a7%d9%84%d8%a3-1743067.html,,2026-05-11T20:29:16.438453,
مع كامل احترامي لهاد الحكومة كفاكم نفاقا و تحضيرا للانتخابات من دابا ، نتوما عارفين عمر شب طبيب جراح يوصل اهداك المبلغ ديال عشرة ملايين باستتناء بعض اساتدة كليات الطب لي كاتجري عمليات معقدة من المستوى التالت ، اما فالصبيطارات ديال الله يحسن العوان مافيهمش الامكانيات باش دير ثلات و اولا اربع عمليات فالشهر بدون ما المريض يمشي يشري ماتريال او مستلزمات جراحية راه غير كاتكدبو على الناس و صافي و ديرو الفتنة على صحاب الصحة قدام المواطنين ، و تانيا هاديك ماشي زيادة في الأجر هاديك الرتبة لي كان خاص يتخرج بها من قبل دارت في اطارها القانوني بلا ماتفلاو، راه كلشي عايق بيكم كفاكم بهرجتا يا أيتها الحكومة,جيلالي,الخميس 7 ماي 2026 - 17:09,"مرسوم يستحضر ""عدد العمليات"" في أجرة الأطباء يدخل مشاورات حكومية",https://www.hespress.com/%d9%85%d8%b1%d8%b3%d9%88%d9%85-%d9%8a%d8%b3%d8%aa%d8%ad%d8%b6%d8%b1-%d8%b9%d8%af%d8%af-%d8%a7%d9%84%d8%b9%d9%85%d9%84%d9%8a%d8%a7%d8%aa-%d9%81%d9%8a-%d8%a3%d8%ac%d8%b1%d8%a9-%d8%a7%d9%84%d8%a3-1743067.html,,2026-05-11T20:29:16.438969,
مشروع جيد شريطة تطبيق قانون الوظيفة العمومية و طرد أي طبيب يشتغل بالقطاعين العام و الخاص فالنوار بما فيهم أساتذة الطب في المستشفيات الجامعية,فاعل خير,الخميس 7 ماي 2026 - 17:09,"مرسوم يستحضر ""عدد العمليات"" في أجرة الأطباء يدخل مشاورات حكومية",https://www.hespress.com/%d9%85%d8%b1%d8%b3%d9%88%d9%85-%d9%8a%d8%b3%d8%aa%d8%ad%d8%b6%d8%b1-%d8%b9%d8%af%d8%af-%d8%a7%d9%84%d8%b9%d9%85%d9%84%d9%8a%d8%a7%d8%aa-%d9%81%d9%8a-%d8%a3%d8%ac%d8%b1%d8%a9-%d8%a7%d9%84%d8%a3-1743067.html,,2026-05-11T20:29:16.438969,
بسم الله الرحمن الرحيم,عبدالرحيم,الخميس 7 ماي 2026 - 17:14,"مرسوم يستحضر ""عدد العمليات"" في أجرة الأطباء يدخل مشاورات حكومية",https://www.hespress.com/%d9%85%d8%b1%d8%b3%d9%88%d9%85-%d9%8a%d8%b3%d8%aa%d8%ad%d8%b6%d8%b1-%d8%b9%d8%af%d8%af-%d8%a7%d9%84%d8%b9%d9%85%d9%84%d9%8a%d8%a7%d8%aa-%d9%81%d9%8a-%d8%a3%d8%ac%d8%b1%d8%a9-%d8%a7%d9%84%d8%a3-1743067.html,,2026-05-11T20:29:16.438969,
١٠٠ ألف درهم ولما تزور مستشفى الطبيب غير موجود وإذا كان موجودا يعطيك موعدا لسنةهذه الأجرة لا يأخذها الطبيب المتخصص حتى في فرنسا زيادة على ذلك الطبيب في المغرب يعمل عملية واحدة في المستشفى العمومي وعشرات العمليات في مصحته الخاصةالكل أصبح يلهث وراء الربح السريع الله أيجيب ألي فيها الخير أما البلد راح للهاوية,تكساس,الخميس 7 ماي 2026 - 17:15,"مرسوم يستحضر ""عدد العمليات"" في أجرة الأطباء يدخل مشاورات حكومية",https://www.hespress.com/%d9%85%d8%b1%d8%b3%d9%88%d9%85-%d9%8a%d8%b3%d8%aa%d8%ad%d8%b6%d8%b1-%d8%b9%d8%af%d8%af-%d8%a7%d9%84%d8%b9%d9%85%d9%84%d9%8a%d8%a7%d8%aa-%d9%81%d9%8a-%d8%a3%d8%ac%d8%b1%d8%a9-%d8%a7%d9%84%d8%a3-1743067.html,,2026-05-11T20:29:16.438969,
من أجل الإنصاف وعدم التمييز بين مهنيي الصحة، يجب وضع قانون مماثل لأطباء الطب العام، حسب عدد الفحوصات التي يجرونها شهريا. كما يجب سن قانون يفرض على المريض، قبل أن يتوجه إلى طبيب مختص، أن يمر أولاً عبر طبيب عام،وهو من سيرشده إلى اللجوء لطبيب مختص، إذا اقتضى الأمر.,بنعبدالسلام,الخميس 7 ماي 2026 - 17:16,"مرسوم يستحضر ""عدد العمليات"" في أجرة الأطباء يدخل مشاورات حكومية",https://www.hespress.com/%d9%85%d8%b1%d8%b3%d9%88%d9%85-%d9%8a%d8%b3%d8%aa%d8%ad%d8%b6%d8%b1-%d8%b9%d8%af%d8%af-%d8%a7%d9%84%d8%b9%d9%85%d9%84%d9%8a%d8%a7%d8%aa-%d9%81%d9%8a-%d8%a3%d8%ac%d8%b1%d8%a9-%d8%a7%d9%84%d8%a3-1743067.html,,2026-05-11T20:29:16.438969,
تعليقا على صاحب التعليق 2 الاساتدة في الطب بالمغرب مسؤولون بشكل كبير على تدهور الخدمات الصحية بمسكنهم في القطاع الخاص و يجرون عمليات يمكن ان يجريها تلميذ سنة اولى جراحة فالمصحات و يجرون عمليتين في الاسبوع في العمومي و لا حسيب و لا رقيب,راك تم,الخميس 7 ماي 2026 - 17:26,"مرسوم يستحضر ""عدد العمليات"" في أجرة الأطباء يدخل مشاورات حكومية",https://www.hespress.com/%d9%85%d8%b1%d8%b3%d9%88%d9%85-%d9%8a%d8%b3%d8%aa%d8%ad%d8%b6%d8%b1-%d8%b9%d8%af%d8%af-%d8%a7%d9%84%d8%b9%d9%85%d9%84%d9%8a%d8%a7%d8%aa-%d9%81%d9%8a-%d8%a3%d8%ac%d8%b1%d8%a9-%d8%a7%d9%84%d8%a3-1743067.html,,2026-05-11T20:29:16.438969,
على هذ الحساب المواطن لا قيمة له عندكم لان الطبيب غادي يبقا يفكر غير فالعمايات غير يدخل عنو المريض كيفما بغا يكون غادي يقولو خاصك دير عملية  ضروري كا فكارتو تنقصو من لفيزيت ديال طبيب الي هي فايتا المستوى المعيشي للمواطن 350 و400 درهم وعاد يزيد عليك واحد 3 ولا 4  دراديوات حتى تخرج من عندو بواحد 1000 ولا 1500 درهم والحقيقة اللهم هذا منكر. حسب القدرة الاستهلاكية ديال المواطن فبلادنا ما خاصاش تفوت 80 درهم للجينيراليست  و 100  درهم للسبيسيليست,abousalah,الخميس 7 ماي 2026 - 17:50,"مرسوم يستحضر ""عدد العمليات"" في أجرة الأطباء يدخل مشاورات حكومية",https://www.hespress.com/%d9%85%d8%b1%d8%b3%d9%88%d9%85-%d9%8a%d8%b3%d8%aa%d8%ad%d8%b6%d8%b1-%d8%b9%d8%af%d8%af-%d8%a7%d9%84%d8%b9%d9%85%d9%84%d9%8a%d8%a7%d8%aa-%d9%81%d9%8a-%d8%a3%d8%ac%d8%b1%d8%a9-%d8%a7%d9%84%d8%a3-1743067.html,,2026-05-11T20:29:16.438969,
مزيانلفلوس كيدوها غار شفارةانا بناي فسويسرا كنشد اكثر من الطبيب فلمغرب,تستاهلوا,الخميس 7 ماي 2026 - 17:53,"مرسوم يستحضر ""عدد العمليات"" في أجرة الأطباء يدخل مشاورات حكومية",https://www.hespress.com/%d9%85%d8%b1%d8%b3%d9%88%d9%85-%d9%8a%d8%b3%d8%aa%d8%ad%d8%b6%d8%b1-%d8%b9%d8%af%d8%af-%d8%a7%d9%84%d8%b9%d9%85%d9%84%d9%8a%d8%a7%d8%aa-%d9%81%d9%8a-%d8%a3%d8%ac%d8%b1%d8%a9-%d8%a7%d9%84%d8%a3-1743067.html,,2026-05-11T20:29:16.438969,
من أجل زيادة ثلاثة آلاف درهم في أجرة الطبيب، استغرق الأمر 20 سنة من الأخذ والرد، وعشرات المسيرات والتظاهرات التي قُمعت، وأقامت الدولة عليها الدنيا ولم تُقعدها. وها هم يملؤون الدنيا ضجيجًا من جديد بسبب دريهمات زيادة في القطاع، لا تكاد تغطي حتى التضخم الحاصل في جميع نواحي المعيشة.في حين أن بعض القطاعات الأخرى، كوزارة الداخلية مثلًا، تُمنح لها زيادات سمينة وغليظة بجرة قلم، في شهر غشت، والناس في عطلة وأيام الأعراس، ولا أحد سمع ولا قلب وجع.هكذا سأوصي أبنائي بعدم التوجه لممارسة الطب في المغرب، على الأقل في القطاع العام.,طبيب القطاع العام,الخميس 7 ماي 2026 - 17:58,"مرسوم يستحضر ""عدد العمليات"" في أجرة الأطباء يدخل مشاورات حكومية",https://www.hespress.com/%d9%85%d8%b1%d8%b3%d9%88%d9%85-%d9%8a%d8%b3%d8%aa%d8%ad%d8%b6%d8%b1-%d8%b9%d8%af%d8%af-%d8%a7%d9%84%d8%b9%d9%85%d9%84%d9%8a%d8%a7%d8%aa-%d9%81%d9%8a-%d8%a3%d8%ac%d8%b1%d8%a9-%d8%a7%d9%84%d8%a3-1743067.html,,2026-05-11T20:29:16.438969,
اخضعت لعملية جراحية بمصحة معروفة بالدالبيضاء.وقبل اجراءها  الطبيب الجراح طلب مبلغ خمسة الاف درهم( تحت الطاولة) .وقد فعلت لانني مجبر وكنت اعاني من مرضخبيث.وهذا  يعني انه سياخذ اجرته من المصحة اللتي تدخل في الفاتورة ،والاموال اللتي  اخذها مني.سامحه الله.,Repenti,الخميس 7 ماي 2026 - 18:16,"مرسوم يستحضر ""عدد العمليات"" في أجرة الأطباء يدخل مشاورات حكومية",https://www.hespress.com/%d9%85%d8%b1%d8%b3%d9%88%d9%85-%d9%8a%d8%b3%d8%aa%d8%ad%d8%b6%d8%b1-%d8%b9%d8%af%d8%af-%d8%a7%d9%84%d8%b9%d9%85%d9%84%d9%8a%d8%a7%d8%aa-%d9%81%d9%8a-%d8%a3%d8%ac%d8%b1%d8%a9-%d8%a7%d9%84%d8%a3-1743067.html,,2026-05-11T20:29:16.438969,
اجراءات طبقتها تركيا قبل سنين في المستشفيات العمومية واعطت نتاءج جيدة ،لكن يجب تضمين ملف العملية تصريح المريض او احد فروعه مصادق عليه، يبدي رضاه عن العلاج الذي تلقاه، هكذا حتى لا تتحول المستشفيات الى مجازر، تقع فيها عمليات ليست احيانا ضرورية ، تركيا لما لاحظت بداية إفلاس بعض المصحات الخاصة ،اشترت المعدات منها للمستشفيات العمومية ووضفت الأطباء، فاصبح عندها تطبيب عمومي في المستوى .,bensoussi,الخميس 7 ماي 2026 - 18:36,"مرسوم يستحضر ""عدد العمليات"" في أجرة الأطباء يدخل مشاورات حكومية",https://www.hespress.com/%d9%85%d8%b1%d8%b3%d9%88%d9%85-%d9%8a%d8%b3%d8%aa%d8%ad%d8%b6%d8%b1-%d8%b9%d8%af%d8%af-%d8%a7%d9%84%d8%b9%d9%85%d9%84%d9%8a%d8%a7%d8%aa-%d9%81%d9%8a-%d8%a3%d8%ac%d8%b1%d8%a9-%d8%a7%d9%84%d8%a3-1743067.html,,2026-05-11T20:29:16.441485,
سبحان الله كانت هاد الفكرة فراسي و ناقشتها فبداية السنة مع بعض الاصدقاء ديالي كطريقة لتحفيز الاطباء على العمل فالمستشفيات العمومية.,حميد,الخميس 7 ماي 2026 - 18:49,"مرسوم يستحضر ""عدد العمليات"" في أجرة الأطباء يدخل مشاورات حكومية",https://www.hespress.com/%d9%85%d8%b1%d8%b3%d9%88%d9%85-%d9%8a%d8%b3%d8%aa%d8%ad%d8%b6%d8%b1-%d8%b9%d8%af%d8%af-%d8%a7%d9%84%d8%b9%d9%85%d9%84%d9%8a%d8%a7%d8%aa-%d9%81%d9%8a-%d8%a3%d8%ac%d8%b1%d8%a9-%d8%a7%d9%84%d8%a3-1743067.html,,2026-05-11T20:29:16.441485,
هذا المقترح، نظريا هو جد مهم ومحفز على ربط الاجرة بالانتاجية.لكن التخوف ياتي من كون اعتماد هذا المعيار يعتبر تمييزي بين مجموعة منالقطاعات التي يصعب ان لم يكن منالمستحيل ضبط الانتاجية والمردوديةوربطا بالاجر فضلا عن اعتماد هذا المعيار في قطاع حيوي مثل القطاع الصحي يمكن ان يكون على حساب المريض.فالهاجس لدى الطبيب المتخصص سيكون زيادة عدد العمليات شهريا لمضاعفة هوامش ربحيته. والمطلوب هو الدفاع عن الحق في التطبيب والعلاج باحترام المعايير المعمول بها عالميا خصوصا عدد العمليات التي يمكن ان يجريها الطبيب دون اخلال بواجباته.…,احمد بعيز/سلا,الخميس 7 ماي 2026 - 19:09,"مرسوم يستحضر ""عدد العمليات"" في أجرة الأطباء يدخل مشاورات حكومية",https://www.hespress.com/%d9%85%d8%b1%d8%b3%d9%88%d9%85-%d9%8a%d8%b3%d8%aa%d8%ad%d8%b6%d8%b1-%d8%b9%d8%af%d8%af-%d8%a7%d9%84%d8%b9%d9%85%d9%84%d9%8a%d8%a7%d8%aa-%d9%81%d9%8a-%d8%a3%d8%ac%d8%b1%d8%a9-%d8%a7%d9%84%d8%a3-1743067.html,,2026-05-11T20:29:16.441485,
ماذا عن المهندسين ؟؟؟ اجرة متغيرة حسب عدد المشاريع ؟؟؟,منصف,الخميس 7 ماي 2026 - 21:57,"مرسوم يستحضر ""عدد العمليات"" في أجرة الأطباء يدخل مشاورات حكومية",https://www.hespress.com/%d9%85%d8%b1%d8%b3%d9%88%d9%85-%d9%8a%d8%b3%d8%aa%d8%ad%d8%b6%d8%b1-%d8%b9%d8%af%d8%af-%d8%a7%d9%84%d8%b9%d9%85%d9%84%d9%8a%d8%a7%d8%aa-%d9%81%d9%8a-%d8%a3%d8%ac%d8%b1%d8%a9-%d8%a7%d9%84%d8%a3-1743067.html,,2026-05-11T20:29:16.441485,
علاش هاد المسؤول في الجامعة بقى هو حتى نهار الاخير و كيقولك صادف يوم الأحد أليس هذا باستهتار؟,علاش,الإثنين 11 ماي 2026 - 17:09,"ملف المغرب لدى ""TAS"" داخل الآجال",https://www.hespress.com/%d9%85%d9%84%d9%81-%d8%a7%d9%84%d9%85%d8%ba%d8%b1%d8%a8-%d9%84%d8%af%d9%89-tas-%d8%af%d8%a7%d8%ae%d9%84-%d8%a7%d9%84%d8%a2%d8%ac%d8%a7%d9%84-1745227.html,,2026-05-11T20:29:18.888803,
ولماذا يتم إيداعه قبل الاجال القانونية بأيام,عزيز,الإثنين 11 ماي 2026 - 17:09,"ملف المغرب لدى ""TAS"" داخل الآجال",https://www.hespress.com/%d9%85%d9%84%d9%81-%d8%a7%d9%84%d9%85%d8%ba%d8%b1%d8%a8-%d9%84%d8%af%d9%89-tas-%d8%af%d8%a7%d8%ae%d9%84-%d8%a7%d9%84%d8%a2%d8%ac%d8%a7%d9%84-1745227.html,,2026-05-11T20:29:18.888803,
هل التأخير كان متعمدا و يهدف لامر ما في مصلحة الملف المغربي؟ و ان كان ذلك فهو امر محمود، لكن ان كان تاخيرا غير مبرر فالامر ليس جديا يالمرة,نبيل المغربي,الإثنين 11 ماي 2026 - 17:10,"ملف المغرب لدى ""TAS"" داخل الآجال",https://www.hespress.com/%d9%85%d9%84%d9%81-%d8%a7%d9%84%d9%85%d8%ba%d8%b1%d8%a8-%d9%84%d8%af%d9%89-tas-%d8%af%d8%a7%d8%ae%d9%84-%d8%a7%d9%84%d8%a2%d8%ac%d8%a7%d9%84-1745227.html,,2026-05-11T20:29:18.888803,
السنغال سوف تسحب الاستئناف وبذلك المغرب بطلع افريقيا لسنة 2025,simomo.2006,الإثنين 11 ماي 2026 - 17:15,"ملف المغرب لدى ""TAS"" داخل الآجال",https://www.hespress.com/%d9%85%d9%84%d9%81-%d8%a7%d9%84%d9%85%d8%ba%d8%b1%d8%a8-%d9%84%d8%af%d9%89-tas-%d8%af%d8%a7%d8%ae%d9%84-%d8%a7%d9%84%d8%a2%d8%ac%d8%a7%d9%84-1745227.html,,2026-05-11T20:29:18.888803,
"mais hespress tous le yeux sont vers les deux .finals champions league, et vous parler encore de la coupe d’afrique.",Cup owner,الإثنين 11 ماي 2026 - 17:16,"ملف المغرب لدى ""TAS"" داخل الآجال",https://www.hespress.com/%d9%85%d9%84%d9%81-%d8%a7%d9%84%d9%85%d8%ba%d8%b1%d8%a8-%d9%84%d8%af%d9%89-tas-%d8%af%d8%a7%d8%ae%d9%84-%d8%a7%d9%84%d8%a2%d8%ac%d8%a7%d9%84-1745227.html,,2026-05-11T20:29:18.888803,
دائما في النزاعات مع الجزائر او مصر او السنغال.. نعطيهم هدايا بالجملة و بالمجان، مثل حادثة المنشفة يوم النهائي،  على المغرب والمغاربة التعامل بالصرامة مع هذه القضايا لانهم يستغلون كل صغيرة و كبيرة ونحن نيام في العسل….,عابر سبيل امستردام,الإثنين 11 ماي 2026 - 17:18,"ملف المغرب لدى ""TAS"" داخل الآجال",https://www.hespress.com/%d9%85%d9%84%d9%81-%d8%a7%d9%84%d9%85%d8%ba%d8%b1%d8%a8-%d9%84%d8%af%d9%89-tas-%d8%af%d8%a7%d8%ae%d9%84-%d8%a7%d9%84%d8%a2%d8%ac%d8%a7%d9%84-1745227.html,,2026-05-11T20:29:18.888803,
أرى أن الجامعة الملكية لكرة القدم وضعت ملف الطاس بيد أياد متمرسة تبلنزاعات الرياضية الدولية و خبراء دوليين كذلك.  يستحيل أن يخسر الدعوى من خلال إجراء مسطري متعلق بالأجال .,حمو,الإثنين 11 ماي 2026 - 17:22,"ملف المغرب لدى ""TAS"" داخل الآجال",https://www.hespress.com/%d9%85%d9%84%d9%81-%d8%a7%d9%84%d9%85%d8%ba%d8%b1%d8%a8-%d9%84%d8%af%d9%89-tas-%d8%af%d8%a7%d8%ae%d9%84-%d8%a7%d9%84%d8%a2%d8%ac%d8%a7%d9%84-1745227.html,,2026-05-11T20:29:18.888803,
يوم الأحد ليس يوم راحة في الجزائر ،ولذلك لاتستغربوا إن ظهرت مرافعة من هذا النوع ،الكراغلة يعلقون شماعتهم على ابسط الاشياء ،( بحال الدراري الصغار).بحال مللي قالوا بأن تبون طلب من إيڤانتينو إرجع الكأس للسنيغال .(البضاعة موجهة الاستهلاك المحلي),يوم عمل,الإثنين 11 ماي 2026 - 17:22,"ملف المغرب لدى ""TAS"" داخل الآجال",https://www.hespress.com/%d9%85%d9%84%d9%81-%d8%a7%d9%84%d9%85%d8%ba%d8%b1%d8%a8-%d9%84%d8%af%d9%89-tas-%d8%af%d8%a7%d8%ae%d9%84-%d8%a7%d9%84%d8%a2%d8%ac%d8%a7%d9%84-1745227.html,,2026-05-11T20:29:18.888803,
اجتهدنا أكثر من اللازم ولم نعرف شيئا عن هذا الملف الغامض .الذي يزداد غموضا وتعقيدا يوما بعد يوم .الفريق السنغالي سيذهب لكأس العالم بكامل عناصره بما فيهم المدرب تاركا كأس أمم إفريقيا في خزانة كؤوسه والميداليات الذهبية عند اللاعبين والمكافأة صرفت .ومن كثرة فرحتهم ربما سيأخذون الكأس معهم ليجبروا العالم على تقاسم فرحتهم تحت شعار : “كأس إفريقيا للأفارقة ولو بالقوة ” والفاهم يفهم ويفهمنا,ميمون,الإثنين 11 ماي 2026 - 17:26,"ملف المغرب لدى ""TAS"" داخل الآجال",https://www.hespress.com/%d9%85%d9%84%d9%81-%d8%a7%d9%84%d9%85%d8%ba%d8%b1%d8%a8-%d9%84%d8%af%d9%89-tas-%d8%af%d8%a7%d8%ae%d9%84-%d8%a7%d9%84%d8%a2%d8%ac%d8%a7%d9%84-1745227.html,,2026-05-11T20:29:18.888803,
"هذا  هو التهور بعينه ، ولماذا انتظرتم حثى آخر يوم لإيداع الملف ؟ وماذا لو حدث امر طارى وغير متوقع حال دون ايداع الملف في موعده ,? كيف سيكون حالنا وموقعنا امام الأعداء ، لقد قمتم بمغامرة غير محسوبة العواقب. لقد ادخلتم الشك في نفوس المغاربة بهذا الملف .",عبد الحميد,الإثنين 11 ماي 2026 - 17:32,"ملف المغرب لدى ""TAS"" داخل الآجال",https://www.hespress.com/%d9%85%d9%84%d9%81-%d8%a7%d9%84%d9%85%d8%ba%d8%b1%d8%a8-%d9%84%d8%af%d9%89-tas-%d8%af%d8%a7%d8%ae%d9%84-%d8%a7%d9%84%d8%a2%d8%ac%d8%a7%d9%84-1745227.html,,2026-05-11T20:29:18.888803,
لقد تم وضع الملف عنوة بوم الاثنين .. وذلك حتى لايتم التلاعب بالملف او على الاقل الاطلاع على محتوياته يوم الاحد الذي يكون عطلة . ..لاتنسوا هناك من بدفع رشاوي ..فقط كرها في المغرب,الحواب على سؤالكم,الإثنين 11 ماي 2026 - 17:40,"ملف المغرب لدى ""TAS"" داخل الآجال",https://www.hespress.com/%d9%85%d9%84%d9%81-%d8%a7%d9%84%d9%85%d8%ba%d8%b1%d8%a8-%d9%84%d8%af%d9%89-tas-%d8%af%d8%a7%d8%ae%d9%84-%d8%a7%d9%84%d8%a2%d8%ac%d8%a7%d9%84-1745227.html,,2026-05-11T20:29:18.888803,
الغباء المغربي داءما مستمر نعطي العدو جميع الاسلحة باش يتشفا فينا علاش مخليين اخر دقيقة تدفعو الملف بالمناسبة نفس المشكل يقوم به المغرب في قضية الصحراء المغربية داءما ستماطل و يتكاسل حتى يفوت الوقت متلا مجلس الامن عطى لمغرب الحق في الحكم الداتي و المغرب مازال يضيع الوقت في المفاوضات و جلب اعترافات الدول بينما يجب عليه حسم الملف نهاءيا في الامم المتحدة,Kamal,الإثنين 11 ماي 2026 - 17:43,"ملف المغرب لدى ""TAS"" داخل الآجال",https://www.hespress.com/%d9%85%d9%84%d9%81-%d8%a7%d9%84%d9%85%d8%ba%d8%b1%d8%a8-%d9%84%d8%af%d9%89-tas-%d8%af%d8%a7%d8%ae%d9%84-%d8%a7%d9%84%d8%a2%d8%ac%d8%a7%d9%84-1745227.html,,2026-05-11T20:29:18.888803,
نستغرب بما أننا واثقون من فوزنا بكأس إفريقيا قانونيا واخلاقيا ومهنيا وانضباطيا فلماذا الانتظار لوضع دفوعات الملف المغربي إلى آخر يوم من الاجال المحدد من طرف الطاس ولماذا هذا التهور والاستهتار بهذا الملف يجب محاسبة ومعاقبة المسؤول على هذه الاختلالات ويجب على لقجع ان يكون حازما مع هذا المسؤول أو المسؤولين عن هذا الملف الشاءك والذي ينتظرونه المغاربة باشق الانفس وكفانا استهتارا وتهورا من اي ملف كيفما كان رياضيا او سياسيا أو اجتماعيا أو أو او.,متتبع مغربي,الإثنين 11 ماي 2026 - 17:45,"ملف المغرب لدى ""TAS"" داخل الآجال",https://www.hespress.com/%d9%85%d9%84%d9%81-%d8%a7%d9%84%d9%85%d8%ba%d8%b1%d8%a8-%d9%84%d8%af%d9%89-tas-%d8%af%d8%a7%d8%ae%d9%84-%d8%a7%d9%84%d8%a2%d8%ac%d8%a7%d9%84-1745227.html,,2026-05-11T20:29:18.888803,
",,هذا ما يسمى بالتهور بما انني مريض بالسكري انا متأكد بأن نسبة السكر  طلعت في دمي  لماذا تلعبون باعصاب المغاربة ؟",mohamed,الإثنين 11 ماي 2026 - 18:18,"ملف المغرب لدى ""TAS"" داخل الآجال",https://www.hespress.com/%d9%85%d9%84%d9%81-%d8%a7%d9%84%d9%85%d8%ba%d8%b1%d8%a8-%d9%84%d8%af%d9%89-tas-%d8%af%d8%a7%d8%ae%d9%84-%d8%a7%d9%84%d8%a2%d8%ac%d8%a7%d9%84-1745227.html,,2026-05-11T20:29:18.891826,
المسؤول المغربي داهب للطاس و كأنه سيتعامل مع مواطن مغربي. يفرض عليه مايريد وان رفض يعنفه. كان لدى الجامعة الوقت الكافي لتقديم دفوعاتها. لماذا البحث عن الوقت الميت لاضعاف ملف المغرب او اسقاطه؟. حتى قبل الملف المغربي لماذا هذا التهور؟,nawaf,الإثنين 11 ماي 2026 - 18:20,"ملف المغرب لدى ""TAS"" داخل الآجال",https://www.hespress.com/%d9%85%d9%84%d9%81-%d8%a7%d9%84%d9%85%d8%ba%d8%b1%d8%a8-%d9%84%d8%af%d9%89-tas-%d8%af%d8%a7%d8%ae%d9%84-%d8%a7%d9%84%d8%a2%d8%ac%d8%a7%d9%84-1745227.html,,2026-05-11T20:29:18.891826,
استهتار ولعب باعصاب المغاربةكيف حتى اخر يومفي انتظار تاكيد قرار الطاس ليؤكد احقية المغرب في الكاس,حسن,الإثنين 11 ماي 2026 - 18:25,"ملف المغرب لدى ""TAS"" داخل الآجال",https://www.hespress.com/%d9%85%d9%84%d9%81-%d8%a7%d9%84%d9%85%d8%ba%d8%b1%d8%a8-%d9%84%d8%af%d9%89-tas-%d8%af%d8%a7%d8%ae%d9%84-%d8%a7%d9%84%d8%a2%d8%ac%d8%a7%d9%84-1745227.html,,2026-05-11T20:29:18.891826,
استقالة جماعية و المحاسبة يلا وقع شي مشكييل ب سباب هاد الاجال,Adam lis,الإثنين 11 ماي 2026 - 18:28,"ملف المغرب لدى ""TAS"" داخل الآجال",https://www.hespress.com/%d9%85%d9%84%d9%81-%d8%a7%d9%84%d9%85%d8%ba%d8%b1%d8%a8-%d9%84%d8%af%d9%89-tas-%d8%af%d8%a7%d8%ae%d9%84-%d8%a7%d9%84%d8%a2%d8%ac%d8%a7%d9%84-1745227.html,,2026-05-11T20:29:18.891826,
شخصيا لم اصدق هذه الأكذوبة من الأساس لأنه لا يعقل أن يقوم مختص له إسم كبير وباع في المجال ان يرتكب مثل هذه الأخطاء البدائية، أضف الى ذلك أنه حتى ولو بين قوسين تأخرت الجامعة الملكية المغربية في تقديم ملفها فلا ننسى أن الكاف بدورها معنية بالموضوع ويتوجب عليها كذلك أن تضع ملفها في الآجال القانونية. فهل من المنطق والمعقول أن تقوم الكاف كذلك بنفس الخطا في نفس الموضوع وفي نفس الوقت؟!؟!!,تالف فهاد الدنيا,الإثنين 11 ماي 2026 - 18:50,"ملف المغرب لدى ""TAS"" داخل الآجال",https://www.hespress.com/%d9%85%d9%84%d9%81-%d8%a7%d9%84%d9%85%d8%ba%d8%b1%d8%a8-%d9%84%d8%af%d9%89-tas-%d8%af%d8%a7%d8%ae%d9%84-%d8%a7%d9%84%d8%a2%d8%ac%d8%a7%d9%84-1745227.html,,2026-05-11T20:29:18.891826,
في عالم المقاضاة تكون أحيانا هناك تفاصيل استراتيجية وراء التأخر في إيداع الملف إلى أقصى تاريخ ممكن حتى آخر يوم من الأجل القانوني المحدد. هذه الأمور يعرفها المحامون وغيرهم من القانونيين.قد أتصور في هذه الحالة أن المراد وراء هذا التأخير هو ألا تحسم الطاس في هذه القضية قبل بداية المونديال وذلك سيكون إيجابيا بالنسبة للمنتخب المغربي الذي سيذهب للمنافسة العالمية مرفوع المعنويات كبطل إفريقيا على الأقل طبقا لآخر قرار محكمة الكاف. بينما المنتخب السنيغالي فسيذهب للمونديال بمعنويات محطمة بصفته معاقب ونزعت منه بطولة إفريقيا وزد على ذلك أنه لا يعرف ماينتظره من محكمة الطاس.إذن يبدو أن الجامعة لها فريق قانوني محنك ويعرف جيدا ماذا يفعل. برافو,هذا التأخير ضربة معلم - برافو,الإثنين 11 ماي 2026 - 18:51,"ملف المغرب لدى ""TAS"" داخل الآجال",https://www.hespress.com/%d9%85%d9%84%d9%81-%d8%a7%d9%84%d9%85%d8%ba%d8%b1%d8%a8-%d9%84%d8%af%d9%89-tas-%d8%af%d8%a7%d8%ae%d9%84-%d8%a7%d9%84%d8%a2%d8%ac%d8%a7%d9%84-1745227.html,,2026-05-11T20:29:18.891826,
أرى ان من بيننا من يخالف مصالحنا عمدا ، يأكلون الغلة ويسبون الملة،  المغرب يبني وهم يهدمون وغرضهم ارداء من يعادي مصالح المغربولا يستبعد أن ذلك بالمقابل.  زجب فتح تحقيق لماذا تعمد المسؤولين هذا التأخير,Adil,الإثنين 11 ماي 2026 - 19:05,"ملف المغرب لدى ""TAS"" داخل الآجال",https://www.hespress.com/%d9%85%d9%84%d9%81-%d8%a7%d9%84%d9%85%d8%ba%d8%b1%d8%a8-%d9%84%d8%af%d9%89-tas-%d8%af%d8%a7%d8%ae%d9%84-%d8%a7%d9%84%d8%a2%d8%ac%d8%a7%d9%84-1745227.html,,2026-05-11T20:29:18.891826,
كان عليك يا دياز أن تجنبنا هذا ” السير وااااجي ” لولا ” تبوحيط والفشوش” … ولكان الكأس الآن داخل خزانة الجامعة، بدل استنزاف مااااالية ضخمة فقط تكلفة المحامي للترافع، في انتظار……,الشارد المارد,الإثنين 11 ماي 2026 - 19:19,"ملف المغرب لدى ""TAS"" داخل الآجال",https://www.hespress.com/%d9%85%d9%84%d9%81-%d8%a7%d9%84%d9%85%d8%ba%d8%b1%d8%a8-%d9%84%d8%af%d9%89-tas-%d8%af%d8%a7%d8%ae%d9%84-%d8%a7%d9%84%d8%a2%d8%ac%d8%a7%d9%84-1745227.html,,2026-05-11T20:29:18.891826,
واين الجهاز المتطور لتعقب اموال الشعب المنهوبة,عبث,الإثنين 11 ماي 2026 - 19:06,"برادة يكشف جهازا متطورا لتعقب ""غش الباك"" ويحمّل ""بجيدي"" شغب الملاعب",https://www.hespress.com/%d8%a8%d8%b1%d8%a7%d8%af%d8%a9-%d9%8a%d9%83%d8%b4%d9%81-%d8%ac%d9%87%d8%a7%d8%b2%d8%a7-%d9%85%d8%aa%d8%b7%d9%88%d8%b1%d8%a7-%d9%84%d8%aa%d8%b9%d9%82%d8%a8-%d8%ba%d8%b4-%d8%a7%d9%84%d8%a8%d8%a7%d9%83-1745246.html,,2026-05-11T20:29:22.007200,
الغش تحاربونه ولكن الفساد في نقط الباك والوساطات و المدارس الحرة التي تنفخ في النقط من سيحاربها ((حاميها حراميها)),عزيز,الإثنين 11 ماي 2026 - 19:11,"برادة يكشف جهازا متطورا لتعقب ""غش الباك"" ويحمّل ""بجيدي"" شغب الملاعب",https://www.hespress.com/%d8%a8%d8%b1%d8%a7%d8%af%d8%a9-%d9%8a%d9%83%d8%b4%d9%81-%d8%ac%d9%87%d8%a7%d8%b2%d8%a7-%d9%85%d8%aa%d8%b7%d9%88%d8%b1%d8%a7-%d9%84%d8%aa%d8%b9%d9%82%d8%a8-%d8%ba%d8%b4-%d8%a7%d9%84%d8%a8%d8%a7%d9%83-1745246.html,,2026-05-11T20:29:22.007200,
الغش مستشري في المنظومة كلها و ليس اعتباطيا و الدليل بسيط مفتشون سلطتهم مطلقة بدون ادنى رقابة  يعطون نقاط تفتيش لاساتدة لم يزورهم قط استاد مجد يعمل يكد يحصل على 14نقطة في تقرير التفتيش واستاد متكاسل يحصل على نقطة 20 في تقرر ليترقى الاخير ويبقى الاول عرضة للاقصاء وهدا مثل من كثير يا سيادة الوزير لا تغطي الشمس بالغربال الفساد مستشري من المفتش للاستاد للادارة و كل من في الوزراة لا تعلقوا شماعة فشكلم على التلميد و فقط,عبد الجليل,الإثنين 11 ماي 2026 - 19:11,"برادة يكشف جهازا متطورا لتعقب ""غش الباك"" ويحمّل ""بجيدي"" شغب الملاعب",https://www.hespress.com/%d8%a8%d8%b1%d8%a7%d8%af%d8%a9-%d9%8a%d9%83%d8%b4%d9%81-%d8%ac%d9%87%d8%a7%d8%b2%d8%a7-%d9%85%d8%aa%d8%b7%d9%88%d8%b1%d8%a7-%d9%84%d8%aa%d8%b9%d9%82%d8%a8-%d8%ba%d8%b4-%d8%a7%d9%84%d8%a8%d8%a7%d9%83-1745246.html,,2026-05-11T20:29:22.007200,
العدالة والتنمية تتحمل مسؤولية المازوط والشغب والغلاء،وثروة اخنوش انتم اجمل حكومة فراقشية في العالم,البيجيدي,الإثنين 11 ماي 2026 - 19:13,"برادة يكشف جهازا متطورا لتعقب ""غش الباك"" ويحمّل ""بجيدي"" شغب الملاعب",https://www.hespress.com/%d8%a8%d8%b1%d8%a7%d8%af%d8%a9-%d9%8a%d9%83%d8%b4%d9%81-%d8%ac%d9%87%d8%a7%d8%b2%d8%a7-%d9%85%d8%aa%d8%b7%d9%88%d8%b1%d8%a7-%d9%84%d8%aa%d8%b9%d9%82%d8%a8-%d8%ba%d8%b4-%d8%a7%d9%84%d8%a8%d8%a7%d9%83-1745246.html,,2026-05-11T20:29:22.007200,
اين جهاز تعقب المال العام وجهاز الكذب على المواطن يجب استعماله في امتحان المحامين,fadiliabdelali25,الإثنين 11 ماي 2026 - 19:14,"برادة يكشف جهازا متطورا لتعقب ""غش الباك"" ويحمّل ""بجيدي"" شغب الملاعب",https://www.hespress.com/%d8%a8%d8%b1%d8%a7%d8%af%d8%a9-%d9%8a%d9%83%d8%b4%d9%81-%d8%ac%d9%87%d8%a7%d8%b2%d8%a7-%d9%85%d8%aa%d8%b7%d9%88%d8%b1%d8%a7-%d9%84%d8%aa%d8%b9%d9%82%d8%a8-%d8%ba%d8%b4-%d8%a7%d9%84%d8%a8%d8%a7%d9%83-1745246.html,,2026-05-11T20:29:22.007200,
المغاربة يريدون جهاز متطور لمراقبة المسؤولين في مكان اشتغالهم عن طريقة عملهم ومعاملتهم للمواطنين ومراقبة الرشاوي التي تعطى لهم  ومراقبة متى يدخلون للعمل ومتى يتغيبون ومراقبة كل المؤسسات الصحية وطريقة تعاملها مع المرضى,حسن,الإثنين 11 ماي 2026 - 19:14,"برادة يكشف جهازا متطورا لتعقب ""غش الباك"" ويحمّل ""بجيدي"" شغب الملاعب",https://www.hespress.com/%d8%a8%d8%b1%d8%a7%d8%af%d8%a9-%d9%8a%d9%83%d8%b4%d9%81-%d8%ac%d9%87%d8%a7%d8%b2%d8%a7-%d9%85%d8%aa%d8%b7%d9%88%d8%b1%d8%a7-%d9%84%d8%aa%d8%b9%d9%82%d8%a8-%d8%ba%d8%b4-%d8%a7%d9%84%d8%a8%d8%a7%d9%83-1745246.html,,2026-05-11T20:29:22.007200,
نريد جهازا لكشف الفساد و الغش و نريد جهاز بكشف الغش في الامتحانات  مع جماز لكشف فساد المباريات الخاصة بالتوظيف خاصة مباريات المحاماة,youssef Saâd,الإثنين 11 ماي 2026 - 19:15,"برادة يكشف جهازا متطورا لتعقب ""غش الباك"" ويحمّل ""بجيدي"" شغب الملاعب",https://www.hespress.com/%d8%a8%d8%b1%d8%a7%d8%af%d8%a9-%d9%8a%d9%83%d8%b4%d9%81-%d8%ac%d9%87%d8%a7%d8%b2%d8%a7-%d9%85%d8%aa%d8%b7%d9%88%d8%b1%d8%a7-%d9%84%d8%aa%d8%b9%d9%82%d8%a8-%d8%ba%d8%b4-%d8%a7%d9%84%d8%a8%d8%a7%d9%83-1745246.html,,2026-05-11T20:29:22.007200,
هذا المسؤول جاء فقط لدق آخر مسمار في نعش التعليم العمومي ومختلف المؤشرات على ارض الواقع تدل على ذلك !لكن لماذا رموز الكيان المصطنع يعزون فشلهم للحكومة الماضية رغم ان الشعب يعرف من كان اهم حزب في الحكومتين الماضيتين اي منذ 2013 سنة المؤامرة المعروفة اي العمل على خروج حزب الاستقلال واستيلاء فعلي للكيان الإداري على اهم مناصب والوزارات في حكومة بنكيران والعثماني ! فهذا استهزاء من ذكاء المواطنين,كربم علي,الإثنين 11 ماي 2026 - 19:15,"برادة يكشف جهازا متطورا لتعقب ""غش الباك"" ويحمّل ""بجيدي"" شغب الملاعب",https://www.hespress.com/%d8%a8%d8%b1%d8%a7%d8%af%d8%a9-%d9%8a%d9%83%d8%b4%d9%81-%d8%ac%d9%87%d8%a7%d8%b2%d8%a7-%d9%85%d8%aa%d8%b7%d9%88%d8%b1%d8%a7-%d9%84%d8%aa%d8%b9%d9%82%d8%a8-%d8%ba%d8%b4-%d8%a7%d9%84%d8%a8%d8%a7%d9%83-1745246.html,,2026-05-11T20:29:22.007200,
وهل من جهاز لتعقب المفسدين، ناهبي أموال الشعب؟؟؟؟ أما مثيرو شغب الملاعب فالمسؤول الأول هي قوانين فارغة سنّتها هذه الحكومة بالخصوص والحكومات السابقة، والتي تولي أهمية قصوى للحقوق ومتغافلة الواجبات… وجمعيات ما يسمى بالمجتمع المدني التي تقف لك بالمرصاد مدافعة عن كل مجرم بدعوى أنه قاااااصر وبحجة حقوق الإنسان…..أين الإنسان أولا لنتحدث عن الحقوق ثانية!!!!!,الشارد المارد,الإثنين 11 ماي 2026 - 19:16,"برادة يكشف جهازا متطورا لتعقب ""غش الباك"" ويحمّل ""بجيدي"" شغب الملاعب",https://www.hespress.com/%d8%a8%d8%b1%d8%a7%d8%af%d8%a9-%d9%8a%d9%83%d8%b4%d9%81-%d8%ac%d9%87%d8%a7%d8%b2%d8%a7-%d9%85%d8%aa%d8%b7%d9%88%d8%b1%d8%a7-%d9%84%d8%aa%d8%b9%d9%82%d8%a8-%d8%ba%d8%b4-%d8%a7%d9%84%d8%a8%d8%a7%d9%83-1745246.html,,2026-05-11T20:29:22.007200,
برادة نسي انه في حكومة أشرفت على الرحيل….و يريد أن يمسح فشله الكارثي في تدبير قطاع التعليم في الحكومات السابقة!!!!……الواقع يقول ان جودة التعليم بالمغرب و سمعته شهدا تدهورا كارثيا مع الحكومة الحالية بسبب اخفاق الوزراء المشرفين على هذا القطاع بما فيه التعليم العالي. لذالك على الوزير أن يتحلى بالشجاعة السياسية و يستعد للمحاسبة  عن فشله الذريع في تدبير هذا القطاع.,هروب من المحاسبة,الإثنين 11 ماي 2026 - 19:18,"برادة يكشف جهازا متطورا لتعقب ""غش الباك"" ويحمّل ""بجيدي"" شغب الملاعب",https://www.hespress.com/%d8%a8%d8%b1%d8%a7%d8%af%d8%a9-%d9%8a%d9%83%d8%b4%d9%81-%d8%ac%d9%87%d8%a7%d8%b2%d8%a7-%d9%85%d8%aa%d8%b7%d9%88%d8%b1%d8%a7-%d9%84%d8%aa%d8%b9%d9%82%d8%a8-%d8%ba%d8%b4-%d8%a7%d9%84%d8%a8%d8%a7%d9%83-1745246.html,,2026-05-11T20:29:22.007200,
اذن بإمكان المغرب ان يلعب دور الوسيط بين الهند وباكستان  لا صلاح ذات البين وإنهاء النزاع بينهما لما فيه  مصلحة الشعبين.,boulevard de hamid,الإثنين 11 ماي 2026 - 15:38,ملحق عسكري هندي قريبا بالرباط,https://www.hespress.com/%d9%85%d9%84%d8%ad%d9%82-%d8%b9%d8%b3%d9%83%d8%b1%d9%8a-%d9%87%d9%86%d8%af%d9%8a-%d9%82%d8%b1%d9%8a%d8%a8%d8%a7-%d8%a8%d8%a7%d9%84%d8%b1%d8%a8%d8%a7%d8%b7-1745136.html,,2026-05-11T20:29:26.248682,
الحل الامثل والاكثر واقعية  للهجرة,كمال امارير,السبت 9 ماي 2026 - 12:52,تأكيد أممي على التمسك بميثاق الهجرة,https://www.hespress.com/%d8%aa%d8%a3%d9%83%d9%8a%d8%af-%d8%a3%d9%85%d9%85%d9%8a-%d8%b9%d9%84%d9%89-%d8%a7%d9%84%d8%aa%d9%85%d8%b3%d9%83-%d8%a8%d9%85%d9%8a%d8%ab%d8%a7%d9%82-%d8%a7%d9%84%d9%87%d8%ac%d8%b1%d8%a9-1744000.html,,2026-05-11T20:29:29.788793,
اقتصادياً، تساهم الغالبية العظمى من المهاجرين في وظائف منخفضة الأجور، وبينما يقدمون عمالة يدوية، فإن مساهماتهم الضريبية لا تغطي حجم استهلاكهم للخدمات الاجتماعية والبنية التحتية والمساعدات الحكومية. إن منح الجنسية لهذه الفئات يمثل استنزافاً طويل الأمد للاقتصادات التي تحتاج إلى “دافعي ضرائب” لا إلى “متلقي دعم”.يكمن الحل في اعتماد نظام “العامل الضيف”:• عقود محددة الغرض: استقدام العمالة لأداء مهام معينة ولفترة زمنية محدودة.• العودة الإلزامية: مغادرة العامل فور انتهاء عقده لضمان عدم تشكيل ضغط ديموغرافي دائم.إن التحول إلى نظام العمل التعاقدي يضمن تلبية الاحتياجات الاقتصادية دون المساس بالتماسك الاجتماعي أو الاستقرار المالي للدولة.,kamal,السبت 9 ماي 2026 - 14:26,تأكيد أممي على التمسك بميثاق الهجرة,https://www.hespress.com/%d8%aa%d8%a3%d9%83%d9%8a%d8%af-%d8%a3%d9%85%d9%85%d9%8a-%d8%b9%d9%84%d9%89-%d8%a7%d9%84%d8%aa%d9%85%d8%b3%d9%83-%d8%a8%d9%85%d9%8a%d8%ab%d8%a7%d9%82-%d8%a7%d9%84%d9%87%d8%ac%d8%b1%d8%a9-1744000.html,,2026-05-11T20:29:29.791317,
يومين قبل لعيد تنسافر مع لولاد وتندوزو سيمانة د كونجي ب 5 آلاف درهم بعاد على لحوالا,Loin,السبت 9 ماي 2026 - 18:06,"""الفاخر"" يتحول إلى عبء إضافي على القدرة الشرائية للمستهلك المغربي",https://www.hespress.com/%d8%a7%d9%84%d9%81%d8%a7%d8%ae%d8%b1-%d9%8a%d8%aa%d8%ad%d9%88%d9%84-%d8%a5%d9%84%d9%89-%d8%b9%d8%a8%d8%a1-%d9%85%d8%a7%d8%af%d9%8a-%d8%a5%d8%b6%d8%a7%d9%81%d9%8a-%d8%b9%d9%84%d9%89-%d8%a7%d9%84-1744211.html,,2026-05-11T20:29:37.598837,
لادولة والشعب فيهوم خير دولة تتشفر شعب بلقانون عيني عينك وشعب يتعلم من الاستاد ديالو كيفاش يشفر بعضياتو بالارحمه ولاشفقه كيف بغيتي يكون تيشوف باه تيشفر وهو يشفر بلام يسوق لتشيحد,مول لبلاد,السبت 9 ماي 2026 - 18:13,"""الفاخر"" يتحول إلى عبء إضافي على القدرة الشرائية للمستهلك المغربي",https://www.hespress.com/%d8%a7%d9%84%d9%81%d8%a7%d8%ae%d8%b1-%d9%8a%d8%aa%d8%ad%d9%88%d9%84-%d8%a5%d9%84%d9%89-%d8%b9%d8%a8%d8%a1-%d9%85%d8%a7%d8%af%d9%8a-%d8%a5%d8%b6%d8%a7%d9%81%d9%8a-%d8%b9%d9%84%d9%89-%d8%a7%d9%84-1744211.html,,2026-05-11T20:29:37.598837,
كل الباعة والتجار و الحرفيين و الفلاحين والكسابة يبتزون المستهلك ويستغلونه في كل المناسبات بدءا بالجزائر والبقال والخضار والبائع المتجول والطبيب ووو .. وحده الموظف والعامل المخلص في عمله. وحده يجني المال الحلال ولا يستغل احدا.ماعاد هناك من يخاف الله الا قلة من الناس .,أبو محمد,السبت 9 ماي 2026 - 18:18,"""الفاخر"" يتحول إلى عبء إضافي على القدرة الشرائية للمستهلك المغربي",https://www.hespress.com/%d8%a7%d9%84%d9%81%d8%a7%d8%ae%d8%b1-%d9%8a%d8%aa%d8%ad%d9%88%d9%84-%d8%a5%d9%84%d9%89-%d8%b9%d8%a8%d8%a1-%d9%85%d8%a7%d8%af%d9%8a-%d8%a5%d8%b6%d8%a7%d9%81%d9%8a-%d8%b9%d9%84%d9%89-%d8%a7%d9%84-1744211.html,,2026-05-11T20:29:37.598837,
يؤثر الفحم بشكل متزايد على القدرة الشرائية للمستهلكين المغاربة. الجزائريون هم الوحيدون في العالم العربي والأفريقي الذين تخلوا نهائياً عن استخدام الفحم.,نعم,السبت 9 ماي 2026 - 18:20,"""الفاخر"" يتحول إلى عبء إضافي على القدرة الشرائية للمستهلك المغربي",https://www.hespress.com/%d8%a7%d9%84%d9%81%d8%a7%d8%ae%d8%b1-%d9%8a%d8%aa%d8%ad%d9%88%d9%84-%d8%a5%d9%84%d9%89-%d8%b9%d8%a8%d8%a1-%d9%85%d8%a7%d8%af%d9%8a-%d8%a5%d8%b6%d8%a7%d9%81%d9%8a-%d8%b9%d9%84%d9%89-%d8%a7%d9%84-1744211.html,,2026-05-11T20:29:37.598837,
خليه ليهم يسخنو بيه .الله يخلف على الشوايات الكهربائية.و المقلة و الفران ديال الدارندير لاطة ندخلها للفران حسن ليا .,عبد الله,السبت 9 ماي 2026 - 18:22,"""الفاخر"" يتحول إلى عبء إضافي على القدرة الشرائية للمستهلك المغربي",https://www.hespress.com/%d8%a7%d9%84%d9%81%d8%a7%d8%ae%d8%b1-%d9%8a%d8%aa%d8%ad%d9%88%d9%84-%d8%a5%d9%84%d9%89-%d8%b9%d8%a8%d8%a1-%d9%85%d8%a7%d8%af%d9%8a-%d8%a5%d8%b6%d8%a7%d9%81%d9%8a-%d8%b9%d9%84%d9%89-%d8%a7%d9%84-1744211.html,,2026-05-11T20:29:37.598837,
أي مادة يريدون الزيادة في سعرها يجدون لها مبررا او سببا لا وجود له في الاصل يعتبرون أن المواطنين اغبياء لهذه الدرجة مستغلين انعدام المراقبة و محاولين استهداف جيوب البسطاء,عمر الشريف,السبت 9 ماي 2026 - 18:22,"""الفاخر"" يتحول إلى عبء إضافي على القدرة الشرائية للمستهلك المغربي",https://www.hespress.com/%d8%a7%d9%84%d9%81%d8%a7%d8%ae%d8%b1-%d9%8a%d8%aa%d8%ad%d9%88%d9%84-%d8%a5%d9%84%d9%89-%d8%b9%d8%a8%d8%a1-%d9%85%d8%a7%d8%af%d9%8a-%d8%a5%d8%b6%d8%a7%d9%81%d9%8a-%d8%b9%d9%84%d9%89-%d8%a7%d9%84-1744211.html,,2026-05-11T20:29:37.598837,
بقات غي فالفاخر. في عهد هذه الحكومة جميع المنتجات بشتى أصنافها ارتفع ثمنها.صارت الحياة لا تطاق بهذا البلد.أقسم بالله العظيم أنني أزور اسبانيا سياحة والمعيشة هناك ارخص من المغرب.والمفارقة ان هناك ولو ان المعيشة في المتناول فالدولة توفر لك العلاج والتعليم بالمجان واجور محترمة وترفيه مثالي لابناءك. بدون نسيان الأمن والأمان والمساعدات الاجتماعية سواء النقدية او المواد الغذائية للأسر التي تطلب ذلك.,وجدي,السبت 9 ماي 2026 - 18:24,"""الفاخر"" يتحول إلى عبء إضافي على القدرة الشرائية للمستهلك المغربي",https://www.hespress.com/%d8%a7%d9%84%d9%81%d8%a7%d8%ae%d8%b1-%d9%8a%d8%aa%d8%ad%d9%88%d9%84-%d8%a5%d9%84%d9%89-%d8%b9%d8%a8%d8%a1-%d9%85%d8%a7%d8%af%d9%8a-%d8%a5%d8%b6%d8%a7%d9%81%d9%8a-%d8%b9%d9%84%d9%89-%d8%a7%d9%84-1744211.html,,2026-05-11T20:29:37.598837,
اي شي اليوم بغتي تشريه تجد.تمنه تضاعف اكتر من خمس عشر مرات حتى فوق ٣٠٠في المئه سبب تحرير محروقات وتجاره  هدك فراش تو كرديان او سعاي او كواي براد ضاعف تمن زاىد دصروهم بدعم مباشر من.ظهر بسطا يكم دولة مغربيه حكومه تصن ان كل مغاربه مصرين في تكتك او ينصبون على سواعد راحت عيشت بالحلال يارسول الله اش هد.مصيبه علاش حكرتو صغار عمال موظفين متقاعدين مهني او مكتري مادونيه طكسي كبير هنا في الرباط  لي خرج عينيه لوا دراع دولة ستفد من تعويضات بريمات مداخل  واحره خياليه نن ١٥٠٠د ٢٠٠٠د ٣٠٠٠د ٤٠٠٠درهم باق شعب درتوه تحت سباق دعيناكم الله ليوم دهبت لسوق نسول على خروف ٢٠٠٠درهم ضحك علي شناق قال وانت من اهل كهف عندك ٥٥٠٠درهم مرحبا لامعندكش تكمش رغم انهم جلهم ستفادو من دعم خروف بقر وووو لينزل تمن البوم سعيات كردينات فرشا تجار مواد غذائية صناعيه محروقات جزاره دجيجيه مالكي مداريس مصحات خاصه صيادله كواي براد ضاعفو اتمان من ٥ و١٥ و٢٠٠ ضعف الا نعساء حظ حكرهم بنكران زاد عليهم اختوش دول لي تحترم مواطن قبب تحرير محروقات تجاره خوصصة صحه تعليم  تعويم در كان علهم مصاعفت مداخيل كل شعب مغربي بحال لي دارت دزير ١٠ملبون ٢٠٠ د,العلمي بن عبدالله,السبت 9 ماي 2026 - 18:29,"""الفاخر"" يتحول إلى عبء إضافي على القدرة الشرائية للمستهلك المغربي",https://www.hespress.com/%d8%a7%d9%84%d9%81%d8%a7%d8%ae%d8%b1-%d9%8a%d8%aa%d8%ad%d9%88%d9%84-%d8%a5%d9%84%d9%89-%d8%b9%d8%a8%d8%a1-%d9%85%d8%a7%d8%af%d9%8a-%d8%a5%d8%b6%d8%a7%d9%81%d9%8a-%d8%b9%d9%84%d9%89-%d8%a7%d9%84-1744211.html,,2026-05-11T20:29:37.598837,
كبش العيد غالي لا تشتريها الفحم غالي نفس الشيء ينقص الطلب ينخفض التمن. نحن الزباءن من يرفع الاسعار.,المهاجر,السبت 9 ماي 2026 - 18:30,"""الفاخر"" يتحول إلى عبء إضافي على القدرة الشرائية للمستهلك المغربي",https://www.hespress.com/%d8%a7%d9%84%d9%81%d8%a7%d8%ae%d8%b1-%d9%8a%d8%aa%d8%ad%d9%88%d9%84-%d8%a5%d9%84%d9%89-%d8%b9%d8%a8%d8%a1-%d9%85%d8%a7%d8%af%d9%8a-%d8%a5%d8%b6%d8%a7%d9%81%d9%8a-%d8%b9%d9%84%d9%89-%d8%a7%d9%84-1744211.html,,2026-05-11T20:29:37.598837,
فعلاً انها مناسبة يستغلها كل من يستطيع من أجل مضاعفة الاسعار وهذا يعود بالاساس لعدم وعي المواطن بأنها مجرد شعيرة قام بها او لم يقم لا إثم عليه,استغلال .,السبت 9 ماي 2026 - 18:32,"""الفاخر"" يتحول إلى عبء إضافي على القدرة الشرائية للمستهلك المغربي",https://www.hespress.com/%d8%a7%d9%84%d9%81%d8%a7%d8%ae%d8%b1-%d9%8a%d8%aa%d8%ad%d9%88%d9%84-%d8%a5%d9%84%d9%89-%d8%b9%d8%a8%d8%a1-%d9%85%d8%a7%d8%af%d9%8a-%d8%a5%d8%b6%d8%a7%d9%81%d9%8a-%d8%b9%d9%84%d9%89-%d8%a7%d9%84-1744211.html,,2026-05-11T20:29:37.598837,
واحد الصديق سولتو علاش كيجيب الجزار هو للي كيدبح ليه ؟ قالي بأنه مكيصليش و بالتالي الذبيحة ديالو مديزاش ! حلل و ناقش %%%,متناقض,السبت 9 ماي 2026 - 18:36,"""الفاخر"" يتحول إلى عبء إضافي على القدرة الشرائية للمستهلك المغربي",https://www.hespress.com/%d8%a7%d9%84%d9%81%d8%a7%d8%ae%d8%b1-%d9%8a%d8%aa%d8%ad%d9%88%d9%84-%d8%a5%d9%84%d9%89-%d8%b9%d8%a8%d8%a1-%d9%85%d8%a7%d8%af%d9%8a-%d8%a5%d8%b6%d8%a7%d9%81%d9%8a-%d8%b9%d9%84%d9%89-%d8%a7%d9%84-1744211.html,,2026-05-11T20:29:37.598837,
المغريبي كيتسنا غير الفرصة باش يطحن خوه المغريبي.,مغريبي أمريكي,السبت 9 ماي 2026 - 18:40,"""الفاخر"" يتحول إلى عبء إضافي على القدرة الشرائية للمستهلك المغربي",https://www.hespress.com/%d8%a7%d9%84%d9%81%d8%a7%d8%ae%d8%b1-%d9%8a%d8%aa%d8%ad%d9%88%d9%84-%d8%a5%d9%84%d9%89-%d8%b9%d8%a8%d8%a1-%d9%85%d8%a7%d8%af%d9%8a-%d8%a5%d8%b6%d8%a7%d9%81%d9%8a-%d8%b9%d9%84%d9%89-%d8%a7%d9%84-1744211.html,,2026-05-11T20:29:37.598837,
يجب مقاطعة العيد فهو سنة وليس فرضا. وبالمقاطعة ستقاطعون الفاخر والشواية والعطرية.,مقاطعة العيد هو سنة,السبت 9 ماي 2026 - 18:41,"""الفاخر"" يتحول إلى عبء إضافي على القدرة الشرائية للمستهلك المغربي",https://www.hespress.com/%d8%a7%d9%84%d9%81%d8%a7%d8%ae%d8%b1-%d9%8a%d8%aa%d8%ad%d9%88%d9%84-%d8%a5%d9%84%d9%89-%d8%b9%d8%a8%d8%a1-%d9%85%d8%a7%d8%af%d9%8a-%d8%a5%d8%b6%d8%a7%d9%81%d9%8a-%d8%b9%d9%84%d9%89-%d8%a7%d9%84-1744211.html,,2026-05-11T20:29:37.598837,
واقيلا زدتو فيه بزاف وليتو غا البكا او الشكا او عيقتو بزاف,قريش,السبت 9 ماي 2026 - 18:42,"""الفاخر"" يتحول إلى عبء إضافي على القدرة الشرائية للمستهلك المغربي",https://www.hespress.com/%d8%a7%d9%84%d9%81%d8%a7%d8%ae%d8%b1-%d9%8a%d8%aa%d8%ad%d9%88%d9%84-%d8%a5%d9%84%d9%89-%d8%b9%d8%a8%d8%a1-%d9%85%d8%a7%d8%af%d9%8a-%d8%a5%d8%b6%d8%a7%d9%81%d9%8a-%d8%b9%d9%84%d9%89-%d8%a7%d9%84-1744211.html,,2026-05-11T20:29:37.598837,
إلى صاحب التعليق 1″loin”خويا هاذي راها سنة خاص وليداتنا يشوفو أجواء العيد ماشي ابعدو على لحولا اسي لفهيم,Belgique,السبت 9 ماي 2026 - 18:48,"""الفاخر"" يتحول إلى عبء إضافي على القدرة الشرائية للمستهلك المغربي",https://www.hespress.com/%d8%a7%d9%84%d9%81%d8%a7%d8%ae%d8%b1-%d9%8a%d8%aa%d8%ad%d9%88%d9%84-%d8%a5%d9%84%d9%89-%d8%b9%d8%a8%d8%a1-%d9%85%d8%a7%d8%af%d9%8a-%d8%a5%d8%b6%d8%a7%d9%81%d9%8a-%d8%b9%d9%84%d9%89-%d8%a7%d9%84-1744211.html,,2026-05-11T20:29:37.598837,
هذه حقيقة الفحم هذه السنة قليل جدا الشخص الذي اقتني عادة منه هذه المادة كنت في الاوقات العادية اجد عنده المتجر ممتلا بالف كيس على الاقل ذهبت عنده هذه السنة وجدت عنده 20 كيسا يبيعه ب 12.5 درهم للكيلو و لكن مع التراب السحاق بالعامية طلبت منه اين يزن لي فقط قطع الفحم و اديته ب 15 درهما للكيلو و انا اقطن بمنطقة قربة جدا من غابة كبيرة وداب سكان هذه المناطق على صناعة الفحم بطريقة سرية لكن تشديد المراقبة جعل الكميات صغيرة جدا,الملاحظ,السبت 9 ماي 2026 - 18:55,"""الفاخر"" يتحول إلى عبء إضافي على القدرة الشرائية للمستهلك المغربي",https://www.hespress.com/%d8%a7%d9%84%d9%81%d8%a7%d8%ae%d8%b1-%d9%8a%d8%aa%d8%ad%d9%88%d9%84-%d8%a5%d9%84%d9%89-%d8%b9%d8%a8%d8%a1-%d9%85%d8%a7%d8%af%d9%8a-%d8%a5%d8%b6%d8%a7%d9%81%d9%8a-%d8%b9%d9%84%d9%89-%d8%a7%d9%84-1744211.html,,2026-05-11T20:29:37.598837,
ساصوت على الحزب الدى يعيد النضر في حرية الاسعار ومحاربة الفراقشية في جميع الميادين ابتداءا من فراقشية التعليم المدرسة الحرة و الساعات الإضافية  ثم الصحة وبالخصوص اثمنة الأدوية والتحاليل ووووالى اخر الفراقشية  الخضار الجزار الى الو صول الى صاحب الفاخر الله يسودها لهم جميع الفراقشية ولاكن للأسف الشديد حتى الاحزاب فيهم الكثير من الفراقشية وجدت الحل نخوي البلاد انا وولاداتي لا للرجوع,م ع,السبت 9 ماي 2026 - 19:04,"""الفاخر"" يتحول إلى عبء إضافي على القدرة الشرائية للمستهلك المغربي",https://www.hespress.com/%d8%a7%d9%84%d9%81%d8%a7%d8%ae%d8%b1-%d9%8a%d8%aa%d8%ad%d9%88%d9%84-%d8%a5%d9%84%d9%89-%d8%b9%d8%a8%d8%a1-%d9%85%d8%a7%d8%af%d9%8a-%d8%a5%d8%b6%d8%a7%d9%81%d9%8a-%d8%b9%d9%84%d9%89-%d8%a7%d9%84-1744211.html,,2026-05-11T20:29:37.598837,
هما مشي انا لي كنقوللي يشري حولي ب4000 درهم يقدر يشري الفاخر حتى ب50 درهمصافي عرفو لكم الكود,مواطن,السبت 9 ماي 2026 - 19:12,"""الفاخر"" يتحول إلى عبء إضافي على القدرة الشرائية للمستهلك المغربي",https://www.hespress.com/%d8%a7%d9%84%d9%81%d8%a7%d8%ae%d8%b1-%d9%8a%d8%aa%d8%ad%d9%88%d9%84-%d8%a5%d9%84%d9%89-%d8%b9%d8%a8%d8%a1-%d9%85%d8%a7%d8%af%d9%8a-%d8%a5%d8%b6%d8%a7%d9%81%d9%8a-%d8%b9%d9%84%d9%89-%d8%a7%d9%84-1744211.html,,2026-05-11T20:29:37.598837,
فراقشية ديال الفحم الحجري و صخري و الخشبي,Morad hanine,السبت 9 ماي 2026 - 19:34,"""الفاخر"" يتحول إلى عبء إضافي على القدرة الشرائية للمستهلك المغربي",https://www.hespress.com/%d8%a7%d9%84%d9%81%d8%a7%d8%ae%d8%b1-%d9%8a%d8%aa%d8%ad%d9%88%d9%84-%d8%a5%d9%84%d9%89-%d8%b9%d8%a8%d8%a1-%d9%85%d8%a7%d8%af%d9%8a-%d8%a5%d8%b6%d8%a7%d9%81%d9%8a-%d8%b9%d9%84%d9%89-%d8%a7%d9%84-1744211.html,,2026-05-11T20:29:37.598837,
مواضيع العالم الثالث. العام لي جا يلقى هاد البلاد فبلاصتها ما كتحركش.,Freethinker,السبت 9 ماي 2026 - 19:40,"""الفاخر"" يتحول إلى عبء إضافي على القدرة الشرائية للمستهلك المغربي",https://www.hespress.com/%d8%a7%d9%84%d9%81%d8%a7%d8%ae%d8%b1-%d9%8a%d8%aa%d8%ad%d9%88%d9%84-%d8%a5%d9%84%d9%89-%d8%b9%d8%a8%d8%a1-%d9%85%d8%a7%d8%af%d9%8a-%d8%a5%d8%b6%d8%a7%d9%81%d9%8a-%d8%b9%d9%84%d9%89-%d8%a7%d9%84-1744211.html,,2026-05-11T20:29:37.598837,
كاين البديل، الفران الكهربائي، هنا يتبين وحدة المواطنين في عدم اقتناء الكثير من مادة الفحم!!,MOHAMED,السبت 9 ماي 2026 - 19:43,"""الفاخر"" يتحول إلى عبء إضافي على القدرة الشرائية للمستهلك المغربي",https://www.hespress.com/%d8%a7%d9%84%d9%81%d8%a7%d8%ae%d8%b1-%d9%8a%d8%aa%d8%ad%d9%88%d9%84-%d8%a5%d9%84%d9%89-%d8%b9%d8%a8%d8%a1-%d9%85%d8%a7%d8%af%d9%8a-%d8%a5%d8%b6%d8%a7%d9%81%d9%8a-%d8%b9%d9%84%d9%89-%d8%a7%d9%84-1744211.html,,2026-05-11T20:29:37.598837,
"لنكن صرحاء مع بعضنا ،ذهبت إلى السوق اليوم فصدمتني الأثمنة**فريسة** يعني لفريز عن بعض المغاربة ب20 درهم ،التفاح ب20 درهم….بلا منزيد…لماذا هذا الارتفاع المهول في الأسعار خصوصاً هذه السنة الممطرة..؟؟؟ و الآن الحديث عن الفحم الذي سنطبخ عليه لحما ب 350 درهم للكيلو(هو ثمن لحم العيد بعد خصم ثمن ما يرمى مثل الرأس و الاحشاء و الجلد و..و..)مشاكل المغاربة تزداد تعقيدا ،انعدام فرص العمل ,الاجرام،التسول،النصب،الفساد،الغلاء ….لا تحسبوا أن هذا تضخيم بل هو قليل من كثير بل هناك ما هو أخطر و لا يعجب ذكره لدى البعض….",العابر,السبت 9 ماي 2026 - 19:57,"""الفاخر"" يتحول إلى عبء إضافي على القدرة الشرائية للمستهلك المغربي",https://www.hespress.com/%d8%a7%d9%84%d9%81%d8%a7%d8%ae%d8%b1-%d9%8a%d8%aa%d8%ad%d9%88%d9%84-%d8%a5%d9%84%d9%89-%d8%b9%d8%a8%d8%a1-%d9%85%d8%a7%d8%af%d9%8a-%d8%a5%d8%b6%d8%a7%d9%81%d9%8a-%d8%b9%d9%84%d9%89-%d8%a7%d9%84-1744211.html,,2026-05-11T20:29:37.598837,
لمادا لايتم استيراده من موريتانيا الفحم الخشبي هناك زهيد الثمن يقدر ب 70 درهم للكيس الواحد,سعيد,السبت 9 ماي 2026 - 20:15,"""الفاخر"" يتحول إلى عبء إضافي على القدرة الشرائية للمستهلك المغربي",https://www.hespress.com/%d8%a7%d9%84%d9%81%d8%a7%d8%ae%d8%b1-%d9%8a%d8%aa%d8%ad%d9%88%d9%84-%d8%a5%d9%84%d9%89-%d8%b9%d8%a8%d8%a1-%d9%85%d8%a7%d8%af%d9%8a-%d8%a5%d8%b6%d8%a7%d9%81%d9%8a-%d8%b9%d9%84%d9%89-%d8%a7%d9%84-1744211.html,,2026-05-11T20:29:37.598837,
واش تربى فيكم العجز؟سيرو جمع حطب و شوي معا راسك ؟ ضروري الفاخر …الحطب غي مشتت فالغابة  و العروبيات..عطا الله الحلةل غي حنا لي ولينا استهلاكيين بلا قياس,مول النعناع,السبت 9 ماي 2026 - 20:19,"""الفاخر"" يتحول إلى عبء إضافي على القدرة الشرائية للمستهلك المغربي",https://www.hespress.com/%d8%a7%d9%84%d9%81%d8%a7%d8%ae%d8%b1-%d9%8a%d8%aa%d8%ad%d9%88%d9%84-%d8%a5%d9%84%d9%89-%d8%b9%d8%a8%d8%a1-%d9%85%d8%a7%d8%af%d9%8a-%d8%a5%d8%b6%d8%a7%d9%81%d9%8a-%d8%b9%d9%84%d9%89-%d8%a7%d9%84-1744211.html,,2026-05-11T20:29:37.598837,
الى ساليتو من الفخر مور العيد زيدو فالصابون البلدي,عمو,السبت 9 ماي 2026 - 20:48,"""الفاخر"" يتحول إلى عبء إضافي على القدرة الشرائية للمستهلك المغربي",https://www.hespress.com/%d8%a7%d9%84%d9%81%d8%a7%d8%ae%d8%b1-%d9%8a%d8%aa%d8%ad%d9%88%d9%84-%d8%a5%d9%84%d9%89-%d8%b9%d8%a8%d8%a1-%d9%85%d8%a7%d8%af%d9%8a-%d8%a5%d8%b6%d8%a7%d9%81%d9%8a-%d8%b9%d9%84%d9%89-%d8%a7%d9%84-1744211.html,,2026-05-11T20:29:37.598837,
الى عهد قريب لم يكن سعره يتجاوز ال7 دراهم..فعلا حاليا سعره قد يفوق ال15 درهما..وهو امر غير معقول على الاطلاق. مع الاشارة الى ان كل ما يقع سببه المواطن . عيد الاضحى نفسه سنة  ومع ذلك الكثير من المغاربة جعلوه فوق الفرض ..ومع اقتراب العيد …اي عيد … تنتشر الفتنة  وترتفع الاسعار وتزدهر الازمة.,مواطن2,السبت 9 ماي 2026 - 20:53,"""الفاخر"" يتحول إلى عبء إضافي على القدرة الشرائية للمستهلك المغربي",https://www.hespress.com/%d8%a7%d9%84%d9%81%d8%a7%d8%ae%d8%b1-%d9%8a%d8%aa%d8%ad%d9%88%d9%84-%d8%a5%d9%84%d9%89-%d8%b9%d8%a8%d8%a1-%d9%85%d8%a7%d8%af%d9%8a-%d8%a5%d8%b6%d8%a7%d9%81%d9%8a-%d8%b9%d9%84%d9%89-%d8%a7%d9%84-1744211.html,,2026-05-11T20:29:37.598837,
حتى هو حݣرنا هاشتاغ ،وخليه يفتاخر ويزند فالخناشي,موران بيهي,السبت 9 ماي 2026 - 20:54,"""الفاخر"" يتحول إلى عبء إضافي على القدرة الشرائية للمستهلك المغربي",https://www.hespress.com/%d8%a7%d9%84%d9%81%d8%a7%d8%ae%d8%b1-%d9%8a%d8%aa%d8%ad%d9%88%d9%84-%d8%a5%d9%84%d9%89-%d8%b9%d8%a8%d8%a1-%d9%85%d8%a7%d8%af%d9%8a-%d8%a5%d8%b6%d8%a7%d9%81%d9%8a-%d8%b9%d9%84%d9%89-%d8%a7%d9%84-1744211.html,,2026-05-11T20:29:37.598837,
انا بائع و قد اشتريت الفاخر ديال الليمون جملة ب 14 درهم في نظركم بكم سأبيعه وارى هنا أن هذا الثمن اللذي قلته مجرد حكاية و احلام منكم,مصطفى,السبت 9 ماي 2026 - 21:00,"""الفاخر"" يتحول إلى عبء إضافي على القدرة الشرائية للمستهلك المغربي",https://www.hespress.com/%d8%a7%d9%84%d9%81%d8%a7%d8%ae%d8%b1-%d9%8a%d8%aa%d8%ad%d9%88%d9%84-%d8%a5%d9%84%d9%89-%d8%b9%d8%a8%d8%a1-%d9%85%d8%a7%d8%af%d9%8a-%d8%a5%d8%b6%d8%a7%d9%81%d9%8a-%d8%b9%d9%84%d9%89-%d8%a7%d9%84-1744211.html,,2026-05-11T20:29:37.598837,
بقات ف الفاخر حتى نضمن بعدا الحولي ولكن سيشوى جيب  المواطن على الفاخر قبل الحولي.او الله يسهل الأمور للجميع.,سمير,السبت 9 ماي 2026 - 21:11,"""الفاخر"" يتحول إلى عبء إضافي على القدرة الشرائية للمستهلك المغربي",https://www.hespress.com/%d8%a7%d9%84%d9%81%d8%a7%d8%ae%d8%b1-%d9%8a%d8%aa%d8%ad%d9%88%d9%84-%d8%a5%d9%84%d9%89-%d8%b9%d8%a8%d8%a1-%d9%85%d8%a7%d8%af%d9%8a-%d8%a5%d8%b6%d8%a7%d9%81%d9%8a-%d8%b9%d9%84%d9%89-%d8%a7%d9%84-1744211.html,,2026-05-11T20:29:37.607380,
كل شيء غلى ثمنه بسبب الحرب في الشرق الأوسط..ارتفاع ثمن الفاخر او الفحم الخشبي راجع للأسباب التي ذكرت في المقال نضيف لها ارتفاع الطلب على هذه المادة وخصوصا في المناسبات والأعياد دون أن ننسى المطاعم كذلك .فكلما ارتفع الطلب كلما زاد الثمن .,هند,السبت 9 ماي 2026 - 22:42,"""الفاخر"" يتحول إلى عبء إضافي على القدرة الشرائية للمستهلك المغربي",https://www.hespress.com/%d8%a7%d9%84%d9%81%d8%a7%d8%ae%d8%b1-%d9%8a%d8%aa%d8%ad%d9%88%d9%84-%d8%a5%d9%84%d9%89-%d8%b9%d8%a8%d8%a1-%d9%85%d8%a7%d8%af%d9%8a-%d8%a5%d8%b6%d8%a7%d9%81%d9%8a-%d8%b9%d9%84%d9%89-%d8%a7%d9%84-1744211.html,,2026-05-11T20:29:37.607380,
في هاد البلاد و الله الى حضيو جيوبكم حتى ياكلوكم ماكلة شوى عل لفاخر نيت.,مبررات على حساب جيب الدرويش !,السبت 9 ماي 2026 - 23:22,"""الفاخر"" يتحول إلى عبء إضافي على القدرة الشرائية للمستهلك المغربي",https://www.hespress.com/%d8%a7%d9%84%d9%81%d8%a7%d8%ae%d8%b1-%d9%8a%d8%aa%d8%ad%d9%88%d9%84-%d8%a5%d9%84%d9%89-%d8%b9%d8%a8%d8%a1-%d9%85%d8%a7%d8%af%d9%8a-%d8%a5%d8%b6%d8%a7%d9%81%d9%8a-%d8%b9%d9%84%d9%89-%d8%a7%d9%84-1744211.html,,2026-05-11T20:29:37.607380,
معندى مندير بالفاخرالفاخر كيصلاح غا للتبخار والتفوسيخةفكرتى بعيدة كل البعد عن شراء الاضحيةالشيء الدى جعلنى لا افكر فى شراء الفاخرغالى ولا رخيص,اقيقاي,السبت 9 ماي 2026 - 23:32,"""الفاخر"" يتحول إلى عبء إضافي على القدرة الشرائية للمستهلك المغربي",https://www.hespress.com/%d8%a7%d9%84%d9%81%d8%a7%d8%ae%d8%b1-%d9%8a%d8%aa%d8%ad%d9%88%d9%84-%d8%a5%d9%84%d9%89-%d8%b9%d8%a8%d8%a1-%d9%85%d8%a7%d8%af%d9%8a-%d8%a5%d8%b6%d8%a7%d9%81%d9%8a-%d8%b9%d9%84%d9%89-%d8%a7%d9%84-1744211.html,,2026-05-11T20:29:37.607380,
اصبح ب 18 درهم للكيلو فالبرنوصي . و بعض محلات ب 20 درهم للكيلو و كله اتربه و حجر مصبوغ بالاسود لثق الوزن .,هاشم,الأحد 10 ماي 2026 - 00:10,"""الفاخر"" يتحول إلى عبء إضافي على القدرة الشرائية للمستهلك المغربي",https://www.hespress.com/%d8%a7%d9%84%d9%81%d8%a7%d8%ae%d8%b1-%d9%8a%d8%aa%d8%ad%d9%88%d9%84-%d8%a5%d9%84%d9%89-%d8%b9%d8%a8%d8%a1-%d9%85%d8%a7%d8%af%d9%8a-%d8%a5%d8%b6%d8%a7%d9%81%d9%8a-%d8%b9%d9%84%d9%89-%d8%a7%d9%84-1744211.html,,2026-05-11T20:29:37.607380,
وهل يتم تفعيل لجان المراقبة لحماية المواطن المغربي من غلاء أسعار المواد الأساسية ؟الفحم الخشبي يبقى اقتناؤه مرة في السنة اما أساسيات العيش لدى المواطن عرفت اثمانها ارتفاعا مهولا دون تدخل من مصالح الشؤون الاقتصادية والتنسيق بمختلف ربوع المملكة .حماية المعيش اليومي للمواطن المغربي من الاولويات.,Hassane Sbiar,الأحد 10 ماي 2026 - 00:25,"""الفاخر"" يتحول إلى عبء إضافي على القدرة الشرائية للمستهلك المغربي",https://www.hespress.com/%d8%a7%d9%84%d9%81%d8%a7%d8%ae%d8%b1-%d9%8a%d8%aa%d8%ad%d9%88%d9%84-%d8%a5%d9%84%d9%89-%d8%b9%d8%a8%d8%a1-%d9%85%d8%a7%d8%af%d9%8a-%d8%a5%d8%b6%d8%a7%d9%81%d9%8a-%d8%b9%d9%84%d9%89-%d8%a7%d9%84-1744211.html,,2026-05-11T20:29:37.610401,
لسنا مضطرين لأن نكون بدائيين ودمويين لنكون سعداء ونتمتع بأجواء احتفالية. هناك آلاف الطرق النظيفة لنكون سعداء… لست بحاجة إلى الخراف لتكون سعيدًا، يمكنك قراءة كتاب، أو مشاهدة فيلم، أو أخذ حمام دافئ طويل (إن كان لديك واحد في المنزل، وإلا فاستخدم نقود الخراف لتجهيز حمام جيد في منزلك). ادخر نقود الخراف أو استخدمها لإصلاح مراحيضك وأضواءك المعطلة في المنزل… هناك الكثير من الأشياء التي يمكنك فعلها بها… استخدم نقود الخراف لتغيير عجلات سيارتك القديمة لتجنب الحوادث المميتة على الطريق… حان الوقت لاستخدام المال بحكمة والتخلص من عاداتنا القذرة والدموية…^^…*,Mansouri,الأحد 10 ماي 2026 - 01:30,"""الفاخر"" يتحول إلى عبء إضافي على القدرة الشرائية للمستهلك المغربي",https://www.hespress.com/%d8%a7%d9%84%d9%81%d8%a7%d8%ae%d8%b1-%d9%8a%d8%aa%d8%ad%d9%88%d9%84-%d8%a5%d9%84%d9%89-%d8%b9%d8%a8%d8%a1-%d9%85%d8%a7%d8%af%d9%8a-%d8%a5%d8%b6%d8%a7%d9%81%d9%8a-%d8%b9%d9%84%d9%89-%d8%a7%d9%84-1744211.html,,2026-05-11T20:29:37.610401,
ليس بالشيء الضروري…..,Naturaliat,الأحد 10 ماي 2026 - 11:27,"""الفاخر"" يتحول إلى عبء إضافي على القدرة الشرائية للمستهلك المغربي",https://www.hespress.com/%d8%a7%d9%84%d9%81%d8%a7%d8%ae%d8%b1-%d9%8a%d8%aa%d8%ad%d9%88%d9%84-%d8%a5%d9%84%d9%89-%d8%b9%d8%a8%d8%a1-%d9%85%d8%a7%d8%af%d9%8a-%d8%a5%d8%b6%d8%a7%d9%81%d9%8a-%d8%b9%d9%84%d9%89-%d8%a7%d9%84-1744211.html,,2026-05-11T20:29:37.610401,
مقاطعة الكبش و الفاخر وكل ما يدور في فلكه..  ماغاديش نموت اذا ما شريتش الاضحية. هي شعيرة تقرب الى الله. ولكن غلاء فاحش بزاااف. ماخلوناش فين نصدو.اذن بلاش منو.منذ كورونا مابقيتش كنشري والحمد لله.  لاننا ولينا عايشين مع شناقة ومافيات.  ولهذا المقاطعة افضل حل ضد جشع والطمع ديالهم.,Farid de casa,الأحد 10 ماي 2026 - 12:34,"""الفاخر"" يتحول إلى عبء إضافي على القدرة الشرائية للمستهلك المغربي",https://www.hespress.com/%d8%a7%d9%84%d9%81%d8%a7%d8%ae%d8%b1-%d9%8a%d8%aa%d8%ad%d9%88%d9%84-%d8%a5%d9%84%d9%89-%d8%b9%d8%a8%d8%a1-%d9%85%d8%a7%d8%af%d9%8a-%d8%a5%d8%b6%d8%a7%d9%81%d9%8a-%d8%b9%d9%84%d9%89-%d8%a7%d9%84-1744211.html,,2026-05-11T20:29:37.610401,
غير الفقراء و المزاليط للي همهم الأضحية و الذبح و الغلاء و المشاكل و الأوساخ الناتجة عن ذللك. أما العائلات الواعية فتستغل عطلة العيد للإستجمام و السفر بعيدا عن كثرة الأوساخ الناتجة عن الذبح,Proud Moroccan,الأحد 10 ماي 2026 - 15:17,"""الفاخر"" يتحول إلى عبء إضافي على القدرة الشرائية للمستهلك المغربي",https://www.hespress.com/%d8%a7%d9%84%d9%81%d8%a7%d8%ae%d8%b1-%d9%8a%d8%aa%d8%ad%d9%88%d9%84-%d8%a5%d9%84%d9%89-%d8%b9%d8%a8%d8%a1-%d9%85%d8%a7%d8%af%d9%8a-%d8%a5%d8%b6%d8%a7%d9%81%d9%8a-%d8%b9%d9%84%d9%89-%d8%a7%d9%84-1744211.html,,2026-05-11T20:29:37.610401,
البنك الدولي هو سبب خراب البلاد والعباد  وسياكل الأخضر واليابس والمستفيدان من الوضع بالدرجة الأولى الفساد والبنك الدولي. اما الشعب هو من سيدفع الديون وثمن الشرف .,عابر سبيل ١,الأربعاء 6 ماي 2026 - 12:28,"""الداخلية"" تستنفر الولاة والعمال لافتحاص تمويلات زراعية من البنك الدولي",https://www.hespress.com/%d8%a7%d9%84%d8%af%d8%a7%d8%ae%d9%84%d9%8a%d8%a9-%d8%aa%d8%b3%d8%aa%d9%86%d9%81%d8%b1-%d8%a7%d9%84%d9%88%d9%84%d8%a7%d8%a9-%d9%88%d8%a7%d9%84%d8%b9%d9%85%d8%a7%d9%84-%d9%84%d8%a7%d9%81%d8%aa%d8%ad-1742123.html,,2026-05-11T20:29:41.575874,
كل دو  ل العالم تقترض و حتى نحن المواطنون نقترض من الأبناك مهما تهربنا نجد أنفسنا مجربين على الاقتراض هكذا يدور اقتصاد العالم أحببنا ام كرهنا,مليكة,الأربعاء 6 ماي 2026 - 13:05,"""الداخلية"" تستنفر الولاة والعمال لافتحاص تمويلات زراعية من البنك الدولي",https://www.hespress.com/%d8%a7%d9%84%d8%af%d8%a7%d8%ae%d9%84%d9%8a%d8%a9-%d8%aa%d8%b3%d8%aa%d9%86%d9%81%d8%b1-%d8%a7%d9%84%d9%88%d9%84%d8%a7%d8%a9-%d9%88%d8%a7%d9%84%d8%b9%d9%85%d8%a7%d9%84-%d9%84%d8%a7%d9%81%d8%aa%d8%ad-1742123.html,,2026-05-11T20:29:41.575874,
أين هي ربط المسؤولية بالمحاسبة أهذه هي نتيجة المخطط الأخضر أصبحنا نستورد الأساسيات و نصدر الكماليات بل نكافئ المسؤول الأول و الأخير عن هذا المخطط الأخضر و نمنحه أصواتنا ليراس حكومتنا لتدمر قدرتنا الشرائية تدميرا شاملا,الصراحة,الأربعاء 6 ماي 2026 - 13:38,"""الداخلية"" تستنفر الولاة والعمال لافتحاص تمويلات زراعية من البنك الدولي",https://www.hespress.com/%d8%a7%d9%84%d8%af%d8%a7%d8%ae%d9%84%d9%8a%d8%a9-%d8%aa%d8%b3%d8%aa%d9%86%d9%81%d8%b1-%d8%a7%d9%84%d9%88%d9%84%d8%a7%d8%a9-%d9%88%d8%a7%d9%84%d8%b9%d9%85%d8%a7%d9%84-%d9%84%d8%a7%d9%81%d8%aa%d8%ad-1742123.html,,2026-05-11T20:29:41.575874,
إلى أن يثبت خلاف ذلك، يقع قطاعا الزراعة والغذاء ضمن اختصاص وزارة الزراعة.,Simo,الأربعاء 6 ماي 2026 - 13:44,"""الداخلية"" تستنفر الولاة والعمال لافتحاص تمويلات زراعية من البنك الدولي",https://www.hespress.com/%d8%a7%d9%84%d8%af%d8%a7%d8%ae%d9%84%d9%8a%d8%a9-%d8%aa%d8%b3%d8%aa%d9%86%d9%81%d8%b1-%d8%a7%d9%84%d9%88%d9%84%d8%a7%d8%a9-%d9%88%d8%a7%d9%84%d8%b9%d9%85%d8%a7%d9%84-%d9%84%d8%a7%d9%81%d8%aa%d8%ad-1742123.html,,2026-05-11T20:29:41.579931,
الأموال المقرضة تذهب كالعادة لحبوب خاصة او يتم تحويلها لحسابات سرية في الخارج والدليل هو عدم تاثير الملايير المقرضة منذ سبعون سنة على التنمية ومعيشة المواطن على العكس هناك تراجع رهيب فيما يخص مستوى عيش الشعب بين ما كان عليه واليوم حيث التراجع والانهيار الواضح !الكارثة هو ان الأجيال القادمة  من أبناء الشعب ستبقى تودي القروض المختفية,خاليد علي,الأربعاء 6 ماي 2026 - 13:45,"""الداخلية"" تستنفر الولاة والعمال لافتحاص تمويلات زراعية من البنك الدولي",https://www.hespress.com/%d8%a7%d9%84%d8%af%d8%a7%d8%ae%d9%84%d9%8a%d8%a9-%d8%aa%d8%b3%d8%aa%d9%86%d9%81%d8%b1-%d8%a7%d9%84%d9%88%d9%84%d8%a7%d8%a9-%d9%88%d8%a7%d9%84%d8%b9%d9%85%d8%a7%d9%84-%d9%84%d8%a7%d9%81%d8%aa%d8%ad-1742123.html,,2026-05-11T20:29:41.579931,
التوترات مرتقبة لاقدر الله من عصابات المكسيك المافيوزية الخطيرة. السائبة الخارجة عن القانون،الحمد لله منتخبنا لن يلعب هناك.أحسن.نتمنى أن تمر كأس العالم في اجواء رياضية سليمة.آمين.,لاعب سابق,الأحد 10 ماي 2026 - 23:41,التوترات تحيط بنهائيات كأس العالم,https://www.hespress.com/%d8%a7%d9%84%d8%aa%d9%88%d8%aa%d8%b1%d8%a7%d8%aa-%d8%aa%d8%ad%d9%8a%d8%b7-%d8%a8%d9%86%d9%87%d8%a7%d8%a6%d9%8a%d8%a7%d8%aa-%d9%83%d8%a3%d8%b3-%d8%a7%d9%84%d8%b9%d8%a7%d9%84%d9%85-1744543.html,,2026-05-11T20:29:45.546288,
اعتقد اذا لم تكن امريكا و المكسيك جاهزين فالمغرب جاهز لنقل الحدث عندنا و نكون بهذا قد نظمين كاس العالم 2026 و 2030 في سابقة تاريخية,متتبع,الإثنين 11 ماي 2026 - 00:11,التوترات تحيط بنهائيات كأس العالم,https://www.hespress.com/%d8%a7%d9%84%d8%aa%d9%88%d8%aa%d8%b1%d8%a7%d8%aa-%d8%aa%d8%ad%d9%8a%d8%b7-%d8%a8%d9%86%d9%87%d8%a7%d8%a6%d9%8a%d8%a7%d8%aa-%d9%83%d8%a3%d8%b3-%d8%a7%d9%84%d8%b9%d8%a7%d9%84%d9%85-1744543.html,,2026-05-11T20:29:45.546288,
ماتكونش كرغولي كتر من الكراغلة,إلى المعلق متتبع,الإثنين 11 ماي 2026 - 00:54,التوترات تحيط بنهائيات كأس العالم,https://www.hespress.com/%d8%a7%d9%84%d8%aa%d9%88%d8%aa%d8%b1%d8%a7%d8%aa-%d8%aa%d8%ad%d9%8a%d8%b7-%d8%a8%d9%86%d9%87%d8%a7%d8%a6%d9%8a%d8%a7%d8%aa-%d9%83%d8%a3%d8%b3-%d8%a7%d9%84%d8%b9%d8%a7%d9%84%d9%85-1744543.html,,2026-05-11T20:29:45.546288,
وزيد عليها فيروس “هانتا” حتى هو,مول جافيل,الإثنين 11 ماي 2026 - 02:42,التوترات تحيط بنهائيات كأس العالم,https://www.hespress.com/%d8%a7%d9%84%d8%aa%d9%88%d8%aa%d8%b1%d8%a7%d8%aa-%d8%aa%d8%ad%d9%8a%d8%b7-%d8%a8%d9%86%d9%87%d8%a7%d8%a6%d9%8a%d8%a7%d8%aa-%d9%83%d8%a3%d8%b3-%d8%a7%d9%84%d8%b9%d8%a7%d9%84%d9%85-1744543.html,,2026-05-11T20:29:45.546288,
Il faut boycotter cette coupe du monde en soutenant nos frères iraniens musulmans,hadkourt,الإثنين 11 ماي 2026 - 05:23,التوترات تحيط بنهائيات كأس العالم,https://www.hespress.com/%d8%a7%d9%84%d8%aa%d9%88%d8%aa%d8%b1%d8%a7%d8%aa-%d8%aa%d8%ad%d9%8a%d8%b7-%d8%a8%d9%86%d9%87%d8%a7%d8%a6%d9%8a%d8%a7%d8%aa-%d9%83%d8%a3%d8%b3-%d8%a7%d9%84%d8%b9%d8%a7%d9%84%d9%85-1744543.html,,2026-05-11T20:29:45.546288,
ستكون دورة فاشلة جدا و ستبقى المدرجات فارغة لأن كل إنسان ذي مبادئ لن يقبل أن يطأ أٍض أكريكا في عهد ترامب  المتعجرف.ربما الاقبال سيكون كبيرا على المباريات التي ستجرى في كندا و المكسيك.كما أن احتمال وقوع اضطرابات أمنية خلال المباريات التي ستقام في أمريكا وموازاة معها  مرتفع جدا,الدحدوح,الإثنين 11 ماي 2026 - 08:11,التوترات تحيط بنهائيات كأس العالم,https://www.hespress.com/%d8%a7%d9%84%d8%aa%d9%88%d8%aa%d8%b1%d8%a7%d8%aa-%d8%aa%d8%ad%d9%8a%d8%b7-%d8%a8%d9%86%d9%87%d8%a7%d8%a6%d9%8a%d8%a7%d8%aa-%d9%83%d8%a3%d8%b3-%d8%a7%d9%84%d8%b9%d8%a7%d9%84%d9%85-1744543.html,,2026-05-11T20:29:45.546288,
كل الطرق المؤدية الى حي أكدال ، الكليات والمستشفيات في الرباط مغلوقة بسبب المراطون و اختناق في حركة المرور … المنظمين اختارو يوم الأحد و لم ينتبهوا ان هناك امتحانات[ concours ] و مستشفيات للولادة و الأطفال و المستعجلات !!!!!,رباطي,الأحد 10 ماي 2026 - 12:14,غياب مبابي عن قمة برشلونة والريال,https://www.hespress.com/%d8%ba%d9%8a%d8%a7%d8%a8-%d9%85%d8%a8%d8%a7%d8%a8%d9%8a-%d8%b9%d9%86-%d9%82%d9%85%d8%a9-%d8%a8%d8%b1%d8%b4%d9%84%d9%88%d9%86%d8%a9-%d9%88%d8%a7%d9%84%d8%b1%d9%8a%d8%a7%d9%84-1744577.html,,2026-05-11T20:29:48.629296,
اذا الريال ستفوز هههههه لان مبابي منحوس,رضوان,الأحد 10 ماي 2026 - 12:23,غياب مبابي عن قمة برشلونة والريال,https://www.hespress.com/%d8%ba%d9%8a%d8%a7%d8%a8-%d9%85%d8%a8%d8%a7%d8%a8%d9%8a-%d8%b9%d9%86-%d9%82%d9%85%d8%a9-%d8%a8%d8%b1%d8%b4%d9%84%d9%88%d9%86%d8%a9-%d9%88%d8%a7%d9%84%d8%b1%d9%8a%d8%a7%d9%84-1744577.html,,2026-05-11T20:29:48.629817,
خبر سيء  البارصا لن تفوز بدون المنفوخ إعلاميا المدعو مبابي الريال يفوز دائما,خاليد علي,الأحد 10 ماي 2026 - 12:48,غياب مبابي عن قمة برشلونة والريال,https://www.hespress.com/%d8%ba%d9%8a%d8%a7%d8%a8-%d9%85%d8%a8%d8%a7%d8%a8%d9%8a-%d8%b9%d9%86-%d9%82%d9%85%d8%a9-%d8%a8%d8%b1%d8%b4%d9%84%d9%88%d9%86%d8%a9-%d9%88%d8%a7%d9%84%d8%b1%d9%8a%d8%a7%d9%84-1744577.html,,2026-05-11T20:29:48.629817,
هؤلاء لا يأتي منهم الا المشاكل. اهتمو بالعلم و اللغة الانجليزية و انفتحو نحو الشمال و الغرب حيث التقدم و الحرية و القانون.,متتبع 2022,الأربعاء 6 ماي 2026 - 15:10,تقارير تتحدث عن إحراق شاحنات مغربية بمالي.. اتحاد النقل يكشف التفاصيل,https://www.hespress.com/%d8%aa%d9%82%d8%a7%d8%b1%d9%8a%d8%b1-%d8%aa%d8%aa%d8%ad%d8%af%d8%ab-%d8%b9%d9%86-%d8%a5%d8%ad%d8%b1%d8%a7%d9%82-%d8%b4%d8%a7%d8%ad%d9%86%d8%a7%d8%aa-%d9%85%d8%ba%d8%b1%d8%a8%d9%8a%d8%a9-%d8%a8%d9%85-1742543.html,,2026-05-11T20:29:51.926234,
من الافضل ان تباع المنتجات الفلاحية المغربية ذاخل المغرب نفسه  و باثمنة معقولة جدا  سيكون افضل حل للجميع ذون الخوض في مغامرات ذاخل افريقيا مع وجود جماعات ارهابية جنوب الصحراء… خيرنا مايذيه غيرنا.,منير,الأربعاء 6 ماي 2026 - 15:11,تقارير تتحدث عن إحراق شاحنات مغربية بمالي.. اتحاد النقل يكشف التفاصيل,https://www.hespress.com/%d8%aa%d9%82%d8%a7%d8%b1%d9%8a%d8%b1-%d8%aa%d8%aa%d8%ad%d8%af%d8%ab-%d8%b9%d9%86-%d8%a5%d8%ad%d8%b1%d8%a7%d9%82-%d8%b4%d8%a7%d8%ad%d9%86%d8%a7%d8%aa-%d9%85%d8%ba%d8%b1%d8%a8%d9%8a%d8%a9-%d8%a8%d9%85-1742543.html,,2026-05-11T20:29:51.926234,
هذا إن دل فإنما يدل على مدى الحقد و الحسد الذي يكنه لنا نظام العسكر الكرغولي بالأمس قذائف ذات صنع إيراني تسقط بضواحي السمارة فكيف لشاحنات مدنية معزولة مغربية بين الحدود الموريتانية المالية,الصراحة,الأربعاء 6 ماي 2026 - 15:17,تقارير تتحدث عن إحراق شاحنات مغربية بمالي.. اتحاد النقل يكشف التفاصيل,https://www.hespress.com/%d8%aa%d9%82%d8%a7%d8%b1%d9%8a%d8%b1-%d8%aa%d8%aa%d8%ad%d8%af%d8%ab-%d8%b9%d9%86-%d8%a5%d8%ad%d8%b1%d8%a7%d9%82-%d8%b4%d8%a7%d8%ad%d9%86%d8%a7%d8%aa-%d9%85%d8%ba%d8%b1%d8%a8%d9%8a%d8%a9-%d8%a8%d9%85-1742543.html,,2026-05-11T20:29:51.926234,
السؤال لماذا كل مرك تعاد الكرة من إحراق و إختطاف و سرقة و مازال المغرب يصدر لهذه الدولة بحيث لا تستطيع تأمين لا بلدها و لا حتى طرقاتها و تعاودون الكرة مرة أخرى و نتلقى نفس الاخبار … فهل بلدنا متساهل لهذه الدرجة مع الاجانب… و لماذا لا يوقفون التصدير نهائيا لدول جنوب الصحراء… و معلومة أخيرة الصحراء المغربية لا تحتاج لهذه الدول فهي بيد مجلس الامن الاميركي فكفى خوفا من و تساهلا مع هاته الدول و العزة للوطن …,fahd,الأربعاء 6 ماي 2026 - 15:20,تقارير تتحدث عن إحراق شاحنات مغربية بمالي.. اتحاد النقل يكشف التفاصيل,https://www.hespress.com/%d8%aa%d9%82%d8%a7%d8%b1%d9%8a%d8%b1-%d8%aa%d8%aa%d8%ad%d8%af%d8%ab-%d8%b9%d9%86-%d8%a5%d8%ad%d8%b1%d8%a7%d9%82-%d8%b4%d8%a7%d8%ad%d9%86%d8%a7%d8%aa-%d9%85%d8%ba%d8%b1%d8%a8%d9%8a%d8%a9-%d8%a8%d9%85-1742543.html,,2026-05-11T20:29:51.926234,
هذه الشاحنات تفرغ خيرات البلاد والمستفيد منها هو صاحب المخطط  الذي اعاد التربية للمغاربة وجاء لتجوبع الشعب وتصدير محصولاته للخارج وسرقة مياهنا وتصديرها باعفاء ضريبي ودعم التصدير.,عابر سبيل ١,الأربعاء 6 ماي 2026 - 15:20,تقارير تتحدث عن إحراق شاحنات مغربية بمالي.. اتحاد النقل يكشف التفاصيل,https://www.hespress.com/%d8%aa%d9%82%d8%a7%d8%b1%d9%8a%d8%b1-%d8%aa%d8%aa%d8%ad%d8%af%d8%ab-%d8%b9%d9%86-%d8%a5%d8%ad%d8%b1%d8%a7%d9%82-%d8%b4%d8%a7%d8%ad%d9%86%d8%a7%d8%aa-%d9%85%d8%ba%d8%b1%d8%a8%d9%8a%d8%a9-%d8%a8%d9%85-1742543.html,,2026-05-11T20:29:51.926234,
بارك علينا من ارسال الخضر والفواكه…إلى الدوال الافربفية عبر مورينانيا يجيب  ارسالها…عبر الجو بالطاءرات إلى حين استكمال ميناء الداخلة ..وهناك سترسل عبر السفن إلى الدوال التي اعترفت،بسبادة المغرب على صحراءه….اما عن الدوال التي لن تعترف عليها ان تعترف قبل طي ملف الصحراء وتصبح غير مرغوب فيها..من طرف المغرب..ُانتهى  الصحراء مغربية,مغربي متتبع الاحداث,الأربعاء 6 ماي 2026 - 15:22,تقارير تتحدث عن إحراق شاحنات مغربية بمالي.. اتحاد النقل يكشف التفاصيل,https://www.hespress.com/%d8%aa%d9%82%d8%a7%d8%b1%d9%8a%d8%b1-%d8%aa%d8%aa%d8%ad%d8%af%d8%ab-%d8%b9%d9%86-%d8%a5%d8%ad%d8%b1%d8%a7%d9%82-%d8%b4%d8%a7%d8%ad%d9%86%d8%a7%d8%aa-%d9%85%d8%ba%d8%b1%d8%a8%d9%8a%d8%a9-%d8%a8%d9%85-1742543.html,,2026-05-11T20:29:51.929259,
يقول المتل المغربي:ما ماتش غير خرجو مصارنو. المهم هناك  عمل اجرامي هناك احراق. سواء شاحنة او اكتر. يجب فتح تحقيق وتنوير الرأي العام المغربى. اكيد ان المغربى مدرك جيدا صاحب الفعلة الاجرامية,saleh,الأربعاء 6 ماي 2026 - 15:23,تقارير تتحدث عن إحراق شاحنات مغربية بمالي.. اتحاد النقل يكشف التفاصيل,https://www.hespress.com/%d8%aa%d9%82%d8%a7%d8%b1%d9%8a%d8%b1-%d8%aa%d8%aa%d8%ad%d8%af%d8%ab-%d8%b9%d9%86-%d8%a5%d8%ad%d8%b1%d8%a7%d9%82-%d8%b4%d8%a7%d8%ad%d9%86%d8%a7%d8%aa-%d9%85%d8%ba%d8%b1%d8%a8%d9%8a%d8%a9-%d8%a8%d9%85-1742543.html,,2026-05-11T20:29:51.929782,
في نظري  التحذير ليس مبرر  والواقع خو منع الشاحنات المغربية عبور الحدود المغربية الموريتانية  . منعا كليا   والزامها بالعودة  مع أداء دايرة في حالة عدم الخضوع لأوامر السلطة والجمارك  . هذا هو   الواجب,med,الأربعاء 6 ماي 2026 - 15:27,تقارير تتحدث عن إحراق شاحنات مغربية بمالي.. اتحاد النقل يكشف التفاصيل,https://www.hespress.com/%d8%aa%d9%82%d8%a7%d8%b1%d9%8a%d8%b1-%d8%aa%d8%aa%d8%ad%d8%af%d8%ab-%d8%b9%d9%86-%d8%a5%d8%ad%d8%b1%d8%a7%d9%82-%d8%b4%d8%a7%d8%ad%d9%86%d8%a7%d8%aa-%d9%85%d8%ba%d8%b1%d8%a8%d9%8a%d8%a9-%d8%a8%d9%85-1742543.html,,2026-05-11T20:29:51.929782,
رغم أني أظن أن ما يقع وراءه الجزائر ومرتزقتها، إلا أني أرى أن هذه الأحداث ستساهم في لجم جشع الشناقة الذين لا يهمهم سوى الربح المادي على حساب القدرة الشرائية للمواطن المغربي فيما يتعلق بنهب خضروات المغرب والعمل على رفع أسعارها بالداخل.ما لم تستطع عمله حكومة الريع لتحسين معيشة المغاربة سيتحقق إن شاء الله بفضل هذه الهجمات التي تستهدف شاحنات المضاربين بعيش المغاربة. فمزيدا من حرق شاحناتهم .,محمد,الأربعاء 6 ماي 2026 - 15:29,تقارير تتحدث عن إحراق شاحنات مغربية بمالي.. اتحاد النقل يكشف التفاصيل,https://www.hespress.com/%d8%aa%d9%82%d8%a7%d8%b1%d9%8a%d8%b1-%d8%aa%d8%aa%d8%ad%d8%af%d8%ab-%d8%b9%d9%86-%d8%a5%d8%ad%d8%b1%d8%a7%d9%82-%d8%b4%d8%a7%d8%ad%d9%86%d8%a7%d8%aa-%d9%85%d8%ba%d8%b1%d8%a8%d9%8a%d8%a9-%d8%a8%d9%85-1742543.html,,2026-05-11T20:29:51.929782,
كفى من تصدير خيارات المغرب نحو الخارج خصوصا افريقيا الامن الغذائي المغربي في خطر الراسماليون جوع المغرب جوع المغرب حرام عليكم حرام عليكم اتقوا الله في انف في الشعب لم نعد نرى خضرا ذات جوده او فواكه ذات جوده في السوق واكثر من ذلك باتمان خياليه,المحجوب,الأربعاء 6 ماي 2026 - 15:32,تقارير تتحدث عن إحراق شاحنات مغربية بمالي.. اتحاد النقل يكشف التفاصيل,https://www.hespress.com/%d8%aa%d9%82%d8%a7%d8%b1%d9%8a%d8%b1-%d8%aa%d8%aa%d8%ad%d8%af%d8%ab-%d8%b9%d9%86-%d8%a5%d8%ad%d8%b1%d8%a7%d9%82-%d8%b4%d8%a7%d8%ad%d9%86%d8%a7%d8%aa-%d9%85%d8%ba%d8%b1%d8%a8%d9%8a%d8%a9-%d8%a8%d9%85-1742543.html,,2026-05-11T20:29:51.929782,
مخطط الولوج الي الاطلسي يعطي ثماره. الأمور ستتدهور بسرعة في بلدان الساحل و الصيف سيكون طويل هذا العام,Ali,الأربعاء 6 ماي 2026 - 15:37,تقارير تتحدث عن إحراق شاحنات مغربية بمالي.. اتحاد النقل يكشف التفاصيل,https://www.hespress.com/%d8%aa%d9%82%d8%a7%d8%b1%d9%8a%d8%b1-%d8%aa%d8%aa%d8%ad%d8%af%d8%ab-%d8%b9%d9%86-%d8%a5%d8%ad%d8%b1%d8%a7%d9%82-%d8%b4%d8%a7%d8%ad%d9%86%d8%a7%d8%aa-%d9%85%d8%ba%d8%b1%d8%a8%d9%8a%d8%a9-%d8%a8%d9%85-1742543.html,,2026-05-11T20:29:51.929782,
ان الله يمهل ولا يهمل، فذلك هو جزاء خونة الوطن الجشعين لجمع الأموال على حساب الشعب ،فهم يريدون تصدير كل شيء ولا نومهم نحن رغم انهم يستنزفون الفرشة الماءية من أجل السقي ونحن لنا نصيب مثلنا مثلهم فيها,مغربي حر,الأربعاء 6 ماي 2026 - 15:43,تقارير تتحدث عن إحراق شاحنات مغربية بمالي.. اتحاد النقل يكشف التفاصيل,https://www.hespress.com/%d8%aa%d9%82%d8%a7%d8%b1%d9%8a%d8%b1-%d8%aa%d8%aa%d8%ad%d8%af%d8%ab-%d8%b9%d9%86-%d8%a5%d8%ad%d8%b1%d8%a7%d9%82-%d8%b4%d8%a7%d8%ad%d9%86%d8%a7%d8%aa-%d9%85%d8%ba%d8%b1%d8%a8%d9%8a%d8%a9-%d8%a8%d9%85-1742543.html,,2026-05-11T20:29:51.933308,
خيرات  المغرب  تصدر نحو  افريقيا  السوداء  والمغاربة  يكتوون  بالغلاء  والتضخم.,محمد السعدي,الأربعاء 6 ماي 2026 - 15:54,تقارير تتحدث عن إحراق شاحنات مغربية بمالي.. اتحاد النقل يكشف التفاصيل,https://www.hespress.com/%d8%aa%d9%82%d8%a7%d8%b1%d9%8a%d8%b1-%d8%aa%d8%aa%d8%ad%d8%af%d8%ab-%d8%b9%d9%86-%d8%a5%d8%ad%d8%b1%d8%a7%d9%82-%d8%b4%d8%a7%d8%ad%d9%86%d8%a7%d8%aa-%d9%85%d8%ba%d8%b1%d8%a8%d9%8a%d8%a9-%d8%a8%d9%85-1742543.html,,2026-05-11T20:29:51.933308,
مصائب قوم عند قوم فوائد فخط الغاز المغرب النيجر سيحضر بأولوية على الخط الجزائري الذي يمر ببؤر التوتر فالاروبيون لن يخاطروا باستثمارات مهددة فالامن اولا وهذا مايضمنه الخط المغربي الذي يمر عبر الأطلسي ويجعل من المغرب محطة استراتيجية للتوزيع,Younes,الأربعاء 6 ماي 2026 - 16:33,تقارير تتحدث عن إحراق شاحنات مغربية بمالي.. اتحاد النقل يكشف التفاصيل,https://www.hespress.com/%d8%aa%d9%82%d8%a7%d8%b1%d9%8a%d8%b1-%d8%aa%d8%aa%d8%ad%d8%af%d8%ab-%d8%b9%d9%86-%d8%a5%d8%ad%d8%b1%d8%a7%d9%82-%d8%b4%d8%a7%d8%ad%d9%86%d8%a7%d8%aa-%d9%85%d8%ba%d8%b1%d8%a8%d9%8a%d8%a9-%d8%a8%d9%85-1742543.html,,2026-05-11T20:29:51.933308,
لهذا نادى العاقلون ان سياسة التًوجه الكلي نحو افريقيا هي مغامرة ومخاطرة غير محسوبة العواقب في الاستثمار والمواقف فهذه البلدان لا تتوفر على مقًومات وجود مؤسسات قارة بحيث تنقلب الاوضاع باستمرار وتضيع الاستثمارات وتتحول المواقف بين عشية وضحاها من صديق الى خصم ويضيع معه كل شيء فعلى المغرب الا يضع بيضه في سلة واحدة)التوجه الكلي لافريقيا ) فهذه مخاطرة معالمها واضحة وهي وضعية غير مستقرة لبلدان جنوب الصحراء لهذا دعى العقلاء منذ سنوات الى التريث وعدم الاندفاع الكلي لكي لا تضيع اموال الشعب هباء,حميد علي,الأربعاء 6 ماي 2026 - 16:39,تقارير تتحدث عن إحراق شاحنات مغربية بمالي.. اتحاد النقل يكشف التفاصيل,https://www.hespress.com/%d8%aa%d9%82%d8%a7%d8%b1%d9%8a%d8%b1-%d8%aa%d8%aa%d8%ad%d8%af%d8%ab-%d8%b9%d9%86-%d8%a5%d8%ad%d8%b1%d8%a7%d9%82-%d8%b4%d8%a7%d8%ad%d9%86%d8%a7%d8%aa-%d9%85%d8%ba%d8%b1%d8%a8%d9%8a%d8%a9-%d8%a8%d9%85-1742543.html,,2026-05-11T20:29:51.933308,
اغلب المعلقين انانيين.اليس الاستراد والتصدير دكر في القرآن سورة قريش.لو كان عند الافا،قة ما يكفيهم لما استوردوا.حرام عليهم ولكن حلال علينا ان نستورد،من اسيا اوروبا امريكا.اتقوا الله غي البشر.اما هده الحادتة وقعو لان البلد،في انفلات امني,حميدو,الأربعاء 6 ماي 2026 - 16:40,تقارير تتحدث عن إحراق شاحنات مغربية بمالي.. اتحاد النقل يكشف التفاصيل,https://www.hespress.com/%d8%aa%d9%82%d8%a7%d8%b1%d9%8a%d8%b1-%d8%aa%d8%aa%d8%ad%d8%af%d8%ab-%d8%b9%d9%86-%d8%a5%d8%ad%d8%b1%d8%a7%d9%82-%d8%b4%d8%a7%d8%ad%d9%86%d8%a7%d8%aa-%d9%85%d8%ba%d8%b1%d8%a8%d9%8a%d8%a9-%d8%a8%d9%85-1742543.html,,2026-05-11T20:29:51.935334,
ان كان المغرب عاجز عن حماية  مصالحه في مالي لماذا يتم إرسالهم إلى هناك مادام ان الشاحنات غير مؤمنة  عسكريا هل السلع فقط هي الاهم  وماذا عن حياة السائقين المغرب اصبح مسالم وهادىء اكثر من اللازم لدرجة أن الكل اصبح يتجرأ عليه ان كان المغرب لايرغب حاليا  الدخول في  وحل مالي  على اقل ان يقوم بارسال تحذير إلى الساءقين,Mounir,الأربعاء 6 ماي 2026 - 18:16,تقارير تتحدث عن إحراق شاحنات مغربية بمالي.. اتحاد النقل يكشف التفاصيل,https://www.hespress.com/%d8%aa%d9%82%d8%a7%d8%b1%d9%8a%d8%b1-%d8%aa%d8%aa%d8%ad%d8%af%d8%ab-%d8%b9%d9%86-%d8%a5%d8%ad%d8%b1%d8%a7%d9%82-%d8%b4%d8%a7%d8%ad%d9%86%d8%a7%d8%aa-%d9%85%d8%ba%d8%b1%d8%a8%d9%8a%d8%a9-%d8%a8%d9%85-1742543.html,,2026-05-11T20:29:51.936342,
dnob lamgharba les fruits et légumes sont faites pour les marocain et vous avez laissé tombé vous frère et sœur et vous avez amené les fruits et légumes pour les africain c’est bien fait pour vous j’espère que la route sera fermé pour toujours,rachid,الأربعاء 6 ماي 2026 - 18:47,تقارير تتحدث عن إحراق شاحنات مغربية بمالي.. اتحاد النقل يكشف التفاصيل,https://www.hespress.com/%d8%aa%d9%82%d8%a7%d8%b1%d9%8a%d8%b1-%d8%aa%d8%aa%d8%ad%d8%af%d8%ab-%d8%b9%d9%86-%d8%a5%d8%ad%d8%b1%d8%a7%d9%82-%d8%b4%d8%a7%d8%ad%d9%86%d8%a7%d8%aa-%d9%85%d8%ba%d8%b1%d8%a8%d9%8a%d8%a9-%d8%a8%d9%85-1742543.html,,2026-05-11T20:29:51.936363,
أنا لا أعرف ماذا يستفيد الشعب والوطن من إفريقيا إلا الكوارث فحتى المستثمرين هناك فهم ليسوا بمنأى عن هذه الكوارث لأن هذه الدول تتغير بسرعة مثل الحرباء لا في المواقف ولا في الاستقرار، فكيف نضيع أموالنا وخيراتنا هناك وللأسف أضفنا إلى كل هذا استقبال جحافل بالآلاف من المتسولين والفوضاويين الذين يثيرون الرعب في البلاد.,معتوه,الأربعاء 6 ماي 2026 - 18:59,تقارير تتحدث عن إحراق شاحنات مغربية بمالي.. اتحاد النقل يكشف التفاصيل,https://www.hespress.com/%d8%aa%d9%82%d8%a7%d8%b1%d9%8a%d8%b1-%d8%aa%d8%aa%d8%ad%d8%af%d8%ab-%d8%b9%d9%86-%d8%a5%d8%ad%d8%b1%d8%a7%d9%82-%d8%b4%d8%a7%d8%ad%d9%86%d8%a7%d8%aa-%d9%85%d8%ba%d8%b1%d8%a8%d9%8a%d8%a9-%d8%a8%d9%85-1742543.html,,2026-05-11T20:29:51.936363,
الشاحنة المحروقة على الحدود الموريتانية المالية وتعاليق تتهم الجزائر ما أعظمك يا بلادي صرت عقدت متلازمة للبعض,عابر,الأربعاء 6 ماي 2026 - 20:54,تقارير تتحدث عن إحراق شاحنات مغربية بمالي.. اتحاد النقل يكشف التفاصيل,https://www.hespress.com/%d8%aa%d9%82%d8%a7%d8%b1%d9%8a%d8%b1-%d8%aa%d8%aa%d8%ad%d8%af%d8%ab-%d8%b9%d9%86-%d8%a5%d8%ad%d8%b1%d8%a7%d9%82-%d8%b4%d8%a7%d8%ad%d9%86%d8%a7%d8%aa-%d9%85%d8%ba%d8%b1%d8%a8%d9%8a%d8%a9-%d8%a8%d9%85-1742543.html,,2026-05-11T20:29:51.936363,
اكيد ان هناك عدو حقيقي وخفي. يخطط ويعطي الأوامر للجزائر. والكل يعرف العدو الخفي الذي اصبح مكروه في أفريقيا. َلا يحب أن ينافسه المغرب…. هناك روسياوالصين لما لا تقف ضدهم ام خائفة منهم.,مغربي,الأربعاء 6 ماي 2026 - 21:15,تقارير تتحدث عن إحراق شاحنات مغربية بمالي.. اتحاد النقل يكشف التفاصيل,https://www.hespress.com/%d8%aa%d9%82%d8%a7%d8%b1%d9%8a%d8%b1-%d8%aa%d8%aa%d8%ad%d8%af%d8%ab-%d8%b9%d9%86-%d8%a5%d8%ad%d8%b1%d8%a7%d9%82-%d8%b4%d8%a7%d8%ad%d9%86%d8%a7%d8%aa-%d9%85%d8%ba%d8%b1%d8%a8%d9%8a%d8%a9-%d8%a8%d9%85-1742543.html,,2026-05-11T20:29:51.938495,
هذا كله نتيجة النفاق والخداع الذي تعرفه دول افريقيا. فلو كان اتحادا صادقا فعالا بين كل الدول الافريقية لما طغت وتجبرت شردمة ضعيفة من الخارجين على القانون الدولي. فها هو المغرب يضرب من الأراضي الموريتانية وها هي مصالحه تدك في الأدغال المالية و كذلك بالنسبة للسينغال وموريتانيا ومالي ونيجيريا وبوركينا، كل هذه الدول تنهزم أما عصابة ممولة من فيروس شمال افريقيا، هذا غير ممكن.,مواطن,الأربعاء 6 ماي 2026 - 22:25,تقارير تتحدث عن إحراق شاحنات مغربية بمالي.. اتحاد النقل يكشف التفاصيل,https://www.hespress.com/%d8%aa%d9%82%d8%a7%d8%b1%d9%8a%d8%b1-%d8%aa%d8%aa%d8%ad%d8%af%d8%ab-%d8%b9%d9%86-%d8%a5%d8%ad%d8%b1%d8%a7%d9%82-%d8%b4%d8%a7%d8%ad%d9%86%d8%a7%d8%aa-%d9%85%d8%ba%d8%b1%d8%a8%d9%8a%d8%a9-%d8%a8%d9%85-1742543.html,,2026-05-11T20:29:51.938495,
اي حادث وقع على هدا الخط الدى تعبرهالشاجنات المغربية الا والنظام العسكريالكرغولى متورط فيه مائة فى المائةمن الضروري خفر هاته الشاحنات علىشكل كوكبات من طرف رجال مغاربةمسلحون لمواجهة الارهابيين الذينيعترضون سبيل المركبات المغربية ذهاباوايابا بتنسيق مع الدول الصديقة الموجودةعلى هدا الخط,ن ع ج,الأربعاء 6 ماي 2026 - 22:55,تقارير تتحدث عن إحراق شاحنات مغربية بمالي.. اتحاد النقل يكشف التفاصيل,https://www.hespress.com/%d8%aa%d9%82%d8%a7%d8%b1%d9%8a%d8%b1-%d8%aa%d8%aa%d8%ad%d8%af%d8%ab-%d8%b9%d9%86-%d8%a5%d8%ad%d8%b1%d8%a7%d9%82-%d8%b4%d8%a7%d8%ad%d9%86%d8%a7%d8%aa-%d9%85%d8%ba%d8%b1%d8%a8%d9%8a%d8%a9-%d8%a8%d9%85-1742543.html,,2026-05-11T20:29:51.938495,
لو أن المغرب أرسى صناعة عسكرية متطورة في العقدين الماضيين مثل تركيا لكان قادر على دعم مالي بقيادة غويتا في حرب بالوكالة مع الجزائر و لكان أنهكها و استنزفها لكن…,متفائل,الأربعاء 6 ماي 2026 - 23:06,تقارير تتحدث عن إحراق شاحنات مغربية بمالي.. اتحاد النقل يكشف التفاصيل,https://www.hespress.com/%d8%aa%d9%82%d8%a7%d8%b1%d9%8a%d8%b1-%d8%aa%d8%aa%d8%ad%d8%af%d8%ab-%d8%b9%d9%86-%d8%a5%d8%ad%d8%b1%d8%a7%d9%82-%d8%b4%d8%a7%d8%ad%d9%86%d8%a7%d8%aa-%d9%85%d8%ba%d8%b1%d8%a8%d9%8a%d8%a9-%d8%a8%d9%85-1742543.html,,2026-05-11T20:29:51.938495,
لدي ابن عمي في مالي والخبر ان اكتر من 18 شاحنة مغربية احترقت صباح اليوم ولم يقتصر الامر على الشاحنات بل شمل حتى السيارات الشخصية لمواطنين ماليين انفسهم خصوصا في باماكو (هناك ارهابيين يروعون المواطنون العزل),ابراهيم بن عكر,الأربعاء 6 ماي 2026 - 23:13,تقارير تتحدث عن إحراق شاحنات مغربية بمالي.. اتحاد النقل يكشف التفاصيل,https://www.hespress.com/%d8%aa%d9%82%d8%a7%d8%b1%d9%8a%d8%b1-%d8%aa%d8%aa%d8%ad%d8%af%d8%ab-%d8%b9%d9%86-%d8%a5%d8%ad%d8%b1%d8%a7%d9%82-%d8%b4%d8%a7%d8%ad%d9%86%d8%a7%d8%aa-%d9%85%d8%ba%d8%b1%d8%a8%d9%8a%d8%a9-%d8%a8%d9%85-1742543.html,,2026-05-11T20:29:51.938495,
تم احراق عدة شاحنات وليست شاحنة واحدة فقط وهناك شاحنات سنغالية وموريتانية ايضا فيما تعرض أحد السائقين الموريتانيين لاطلاق رصاص ويتلقى العلاج فى موريتانيا حاليا عمليات الحرق وقعت فى مالى قبل الحدود مع موريتانيا وقامت بها جبهة ماسينا التى يقودها أمادو كوفا وهى حركة لقومية الفولانى تتهم الجيش بارتكاب مجازر وحشية ضدها بقيادة مليشيات قبيلة صيادى الدوزو الذين تسلحهم الدولة وقامو باحراق عدة قرى للفولانى وقتل المئات منهم ونهب ابقارهم ومواشيهم,Slap Kinge,الخميس 7 ماي 2026 - 00:17,تقارير تتحدث عن إحراق شاحنات مغربية بمالي.. اتحاد النقل يكشف التفاصيل,https://www.hespress.com/%d8%aa%d9%82%d8%a7%d8%b1%d9%8a%d8%b1-%d8%aa%d8%aa%d8%ad%d8%af%d8%ab-%d8%b9%d9%86-%d8%a5%d8%ad%d8%b1%d8%a7%d9%82-%d8%b4%d8%a7%d8%ad%d9%86%d8%a7%d8%aa-%d9%85%d8%ba%d8%b1%d8%a8%d9%8a%d8%a9-%d8%a8%d9%85-1742543.html,,2026-05-11T20:29:51.941520,
تبقى أفريقيا ذات أهمية استراتيجية لنا نحن المغاربة، وسنظل كذلك، وعلينا أن نكون مبدعين في مواجهة الهجمات الإرهابية. يجب علينا الالتزام باللوائح، واستخدام البنية التحتية البحرية لمدينة الداخلة لنقل البضائع المغربية إلى الدول الأفريقية الساحلية (السنغال، غامبيا، غينيا بيساو، غينيا، سيراليون، ليبيريا، ساحل العاج، غانا، توغو، بنين، نيجيريا، والكاميرون) من ميناء الداخلة إلى موانئ هذه الدول. بهذه الطريقة، يمكننا التوصيل من ميناء إلى آخر، وبمجرد أن يصبح هذا النظام أكثر أمانًا، يمكننا استخدام طرق أخرى أيضًا. لا تتخلوا عن أفريقيا، فنحن ببساطة جزء منها.,Mansouri,الخميس 7 ماي 2026 - 04:56,تقارير تتحدث عن إحراق شاحنات مغربية بمالي.. اتحاد النقل يكشف التفاصيل,https://www.hespress.com/%d8%aa%d9%82%d8%a7%d8%b1%d9%8a%d8%b1-%d8%aa%d8%aa%d8%ad%d8%af%d8%ab-%d8%b9%d9%86-%d8%a5%d8%ad%d8%b1%d8%a7%d9%82-%d8%b4%d8%a7%d8%ad%d9%86%d8%a7%d8%aa-%d9%85%d8%ba%d8%b1%d8%a8%d9%8a%d8%a9-%d8%a8%d9%85-1742543.html,,2026-05-11T20:29:51.941520,
شكرا الأصحاب الشرطة على جميع الجودات اللذين يقومون بها لحفاضة المواطنيجب الضرب بيد من حديد علا هلآء المجرمين اللذين يخرجون شبابنا وشاباتنا من هاته الهلوسة الخطيرةاللتي قد تأدي بمستعمليها للقيام أعمال العنف والسرقة و قد ينتج عنها ضحايا,MISTER X,الجمعة 8 ماي 2026 - 23:40,حجز سبعة آلاف قرص مهلوس بتيفلت,https://www.hespress.com/%d8%ad%d8%ac%d8%b2-%d8%b3%d8%a8%d8%b9%d8%a9-%d8%a2%d9%84%d8%a7%d9%81-%d9%82%d8%b1%d8%b5-%d9%85%d9%87%d9%84%d9%88%d8%b3-%d8%a8%d8%aa%d9%8a%d9%81%d9%84%d8%aa-1743838.html,,2026-05-11T20:29:54.937869,
سلام. 7٠00 قرص مهلوس .7000 قرطاسة لي قتل 7000 نتاع عقول  الشباب  والناس,amin sidi,الجمعة 8 ماي 2026 - 23:56,حجز سبعة آلاف قرص مهلوس بتيفلت,https://www.hespress.com/%d8%ad%d8%ac%d8%b2-%d8%b3%d8%a8%d8%b9%d8%a9-%d8%a2%d9%84%d8%a7%d9%81-%d9%82%d8%b1%d8%b5-%d9%85%d9%87%d9%84%d9%88%d8%b3-%d8%a8%d8%aa%d9%8a%d9%81%d9%84%d8%aa-1743838.html,,2026-05-11T20:29:54.937869,
الى متى سنبقى نسمع قصص مروجي المخدرات و ما مصير السابقين حتى يكونوا  عبرة للاحقين.المشكل يكمن في ضعف القانون و التساهل في الأحكام و ترك منعدمي الظمير ينشطون بكثرة  لإغراق البلاد بالمؤترات العقلية و قل الشباب.,محمد,الجمعة 8 ماي 2026 - 23:59,حجز سبعة آلاف قرص مهلوس بتيفلت,https://www.hespress.com/%d8%ad%d8%ac%d8%b2-%d8%b3%d8%a8%d8%b9%d8%a9-%d8%a2%d9%84%d8%a7%d9%81-%d9%82%d8%b1%d8%b5-%d9%85%d9%87%d9%84%d9%88%d8%b3-%d8%a8%d8%aa%d9%8a%d9%81%d9%84%d8%aa-1743838.html,,2026-05-11T20:29:54.939976,
مناورات الأسد الأفريقي بين الجيشين المغربي و الأمريكي أصبحت من أكبر المناورات العسكرية في العالم بحجم الدول المشاركة فيها و اختبار أنواع  الأسلحة الأكثر تطورا و هذا فخر للقوات المسلحة الملكية، مشاهدة طائرات F16 التابعة لسلاح الجو المغربي في استعراض مهيب مع المقنبلات الأمريكية الاستراتيجية B52 و هي تحلق في سماء كاب درعة بطانطان حدث يدعونا الى الفخر و الاعتزاز بجيشنا البطل و  قائده الأعلى رئيس هيئة أركان الحرب العامة جلالة الملك محمد السادس حفظه الله و رعاه.,عبدالكريم بوشيخي,السبت 9 ماي 2026 - 21:48,"""الأسد الإفريقي"" يختبر أحدث أساليب الردع والحروب الهجينة المعاصرة",https://www.hespress.com/%d8%a7%d9%84%d8%a3%d8%b3%d8%af-%d8%a7%d9%84%d8%a5%d9%81%d8%b1%d9%8a%d9%82%d9%8a-%d9%85%d9%86-%d8%aa%d8%af%d8%b1%d9%8a%d8%a8-%d8%b3%d9%86%d9%88%d9%8a-%d8%a5%d9%84%d9%89-%d8%a7%d9%84%d8%a7%d8%b3-1744041.html,,2026-05-11T20:29:59.398648,
مزيد من التألق والتقدم والتطور في الميدان العسكري ،هذا فخر لنا كمغاربة ،ما سيجعلنا محترمين بين الدول، وما سيجعل كل متربص بنا أن يفكر مليون مرة لو فكر أن يمسنا بسوء. عاش المغرب ملكا وشعبا من طنجة إلى الكويرة…,وطني حر,السبت 9 ماي 2026 - 23:32,"""الأسد الإفريقي"" يختبر أحدث أساليب الردع والحروب الهجينة المعاصرة",https://www.hespress.com/%d8%a7%d9%84%d8%a3%d8%b3%d8%af-%d8%a7%d9%84%d8%a5%d9%81%d8%b1%d9%8a%d9%82%d9%8a-%d9%85%d9%86-%d8%aa%d8%af%d8%b1%d9%8a%d8%a8-%d8%b3%d9%86%d9%88%d9%8a-%d8%a5%d9%84%d9%89-%d8%a7%d9%84%d8%a7%d8%b3-1744041.html,,2026-05-11T20:29:59.398648,
بماذا أفادتك تركيا ياعمي تبون فهل نسيت بان الوساطة بين الجزائر وإسرائيل او بينك وبين الامارات لاتتم إلا عن طريق المغرب وهو من يحدد ويوقعأنسيت بان تركيا لها علاقات وطيدة مع إسرائيل ولها قدم في ليبيا ومالي ومصنع عسكري بالمغربكل ماحصلت عليه في يومين بتركيا هو التوقيع على العدس والحمص والسباكيتي والشوجوك والحليب حتى تسكت الشارع قبل ان ينفجرمنذ توليك الرئاسة فتحت ابواب المشاكل والأزمات السياسية والاقتصادية مع دول الجوار : فرنسا.  اسبانيا. المغرب. مالي. النيجر. الإمارات وهاأنت اصبحت كالديك المذبوح محني الرأس مدلل وصغير في أعين العالملقد تنازلت على كل المبادئ المؤسسة للدول وطلبت من للسفراء بالرجوع إلى الجزائر وبدون شروط,الذباب الجزائري جهل,الأحد 10 ماي 2026 - 08:23,"""الأسد الإفريقي"" يختبر أحدث أساليب الردع والحروب الهجينة المعاصرة",https://www.hespress.com/%d8%a7%d9%84%d8%a3%d8%b3%d8%af-%d8%a7%d9%84%d8%a5%d9%81%d8%b1%d9%8a%d9%82%d9%8a-%d9%85%d9%86-%d8%aa%d8%af%d8%b1%d9%8a%d8%a8-%d8%b3%d9%86%d9%88%d9%8a-%d8%a5%d9%84%d9%89-%d8%a7%d9%84%d8%a7%d8%b3-1744041.html,,2026-05-11T20:29:59.398648,
